Id,ActivityDate,TotalSteps,TotalDistance,VeryActiveDistance,SedentaryActiveDistance,VeryActiveMinutes,SedentaryMinutes,Calories,MediumActiveDistance,MediumActiveMinutes
1503960366,4/12/2016,13162,8.5,1.87999999523163,0.0,25,728,1985,6.609999954700469,341
1503960366,4/13/2016,10735,6.96999979019165,1.57000005245209,0.0,21,776,1797,5.400000035762784,236
1503960366,4/14/2016,10460,6.73999977111816,2.44000005722046,0.0,30,1218,1776,4.310000091791154,192
1503960366,4/15/2016,9762,6.28000020980835,2.14000010490417,0.0,29,726,1745,4.08999991416931,243
1503960366,4/16/2016,12669,8.15999984741211,2.71000003814697,0.0,36,773,1863,5.449999958276751,231
1503960366,4/17/2016,9705,6.48000001907349,3.19000005722046,0.0,38,539,1728,3.289999961853031,184
1503960366,4/18/2016,13019,8.59000015258789,3.25,0.0,42,1149,1921,5.350000023841855,249
1503960366,4/19/2016,15506,9.88000011444092,3.52999997138977,0.0,50,775,2035,6.35000026226044,295
1503960366,4/20/2016,10544,6.67999982833862,1.96000003814697,0.0,28,818,1786,4.719999760389324,217
1503960366,4/21/2016,9819,6.34000015258789,1.3400000333786,0.0,19,838,1775,5.000000089406966,219
1503960366,4/22/2016,12764,8.13000011444092,4.76000022888184,0.0,66,1217,1827,3.3600000143051103,157
1503960366,4/23/2016,14371,9.03999996185303,2.80999994277954,0.0,41,732,1949,6.230000138282772,283
1503960366,4/24/2016,10039,6.40999984741211,2.92000007629395,0.0,39,709,1788,3.489999964833259,243
1503960366,4/25/2016,15355,9.80000019073486,5.28999996185303,0.0,73,814,2013,4.5100000500679025,230
1503960366,4/26/2016,13755,8.78999996185303,2.32999992370605,0.0,31,833,1970,6.459999978542331,302
1503960366,4/27/2016,18134,12.210000038147,6.40000009536743,0.0,78,1108,2159,5.819999843835832,254
1503960366,4/28/2016,13154,8.52999973297119,3.53999996185303,0.0,48,782,1898,4.94999992847443,217
1503960366,4/29/2016,11181,7.15000009536743,1.05999994277954,0.0,16,815,1837,6.07999992370605,255
1503960366,4/30/2016,14673,9.25,3.55999994277954,0.0,52,712,1947,5.68999993801117,251
1503960366,5/1/2016,10602,6.80999994277954,2.28999996185303,0.0,33,730,1820,4.52000010013581,281
1503960366,5/2/2016,14727,9.71000003814697,3.21000003814697,0.0,41,798,2004,6.490000069141392,292
1503960366,5/3/2016,15103,9.65999984741211,3.73000001907349,0.0,50,816,1990,5.9300000667571995,278
1503960366,5/4/2016,11100,7.15000009536743,2.46000003814697,0.0,36,1179,1819,4.689999938011172,225
1503960366,5/5/2016,14070,8.89999961853027,2.92000007629395,0.0,45,857,1959,5.9600001573562595,274
1503960366,5/6/2016,12159,8.02999973297119,1.97000002861023,0.0,24,754,1896,6.05999994277954,295
1503960366,5/7/2016,11992,7.71000003814697,2.46000003814697,0.0,37,833,1821,5.25,221
1503960366,5/8/2016,10060,6.57999992370605,3.52999997138977,0.0,44,574,1740,3.050000011920933,211
1503960366,5/9/2016,12022,7.71999979019165,3.45000004768372,0.0,46,835,1819,4.269999980926511,217
1503960366,5/10/2016,12207,7.76999998092651,3.34999990463257,0.0,46,746,1859,4.41999995708466,245
1503960366,5/11/2016,12770,8.13000011444092,2.55999994277954,0.0,36,669,1783,5.56000018119812,274
1503960366,5/12/2016,0,0.0,0.0,0.0,0,1440,0,0.0,0
1624580081,4/12/2016,8163,5.30999994277954,0.0,0.0,0,1294,1432,5.30999994277954,146
1624580081,4/13/2016,7007,4.55000019073486,0.0,0.0,0,1292,1411,4.55000019073486,148
1624580081,4/14/2016,9107,5.92000007629395,0.0,0.0099999997764825,0,1204,1572,5.90999984741211,236
1624580081,4/15/2016,1510,0.980000019073486,0.0,0.0,0,1344,1344,0.970000028610229,96
1624580081,4/16/2016,5370,3.49000000953674,0.0,0.0,0,1264,1463,3.49000000953674,176
1624580081,4/17/2016,6175,4.05999994277954,1.02999997138977,0.0099999997764825,15,1276,1554,3.0099999904632497,149
1624580081,4/18/2016,10536,7.40999984741211,2.15000009536743,0.0099999997764825,17,1214,1604,5.239999890327452,209
1624580081,4/19/2016,2916,1.89999997615814,0.0,0.0,0,1299,1435,1.89999997615814,141
1624580081,4/20/2016,4974,3.23000001907349,0.0,0.0,0,1289,1446,3.23000001907349,151
1624580081,4/21/2016,6349,4.13000011444092,0.0,0.0199999995529652,0,1254,1467,4.1100001335144,186
1624580081,4/22/2016,4026,2.61999988555908,0.0,0.0,0,1241,1470,2.59999990463257,199
1624580081,4/23/2016,8538,5.55000019073486,0.0,0.0099999997764825,0,1213,1562,5.53999996185303,227
1624580081,4/24/2016,6076,3.95000004768372,1.14999997615814,0.0,16,1221,1617,2.800000011920934,203
1624580081,4/25/2016,6497,4.21999979019165,0.0,0.0199999995529652,0,1238,1492,4.19999980926514,202
1624580081,4/26/2016,2826,1.8400000333786,0.0,0.0099999997764825,0,1300,1402,1.83000004291534,140
1624580081,4/27/2016,8367,5.44000005722046,1.11000001430511,0.0,17,1233,1670,4.33000004291534,190
1624580081,4/28/2016,2759,1.78999996185303,0.0,0.0,0,1320,1401,1.800000026822092,120
1624580081,4/29/2016,2390,1.54999995231628,0.0,0.0,0,1290,1404,1.54999995231628,150
1624580081,4/30/2016,6474,4.30000019073486,0.899999976158142,0.0099999997764825,11,1182,1655,3.39999985694885,247
1624580081,5/1/2016,36019,28.0300006866455,21.9200000762939,0.0199999995529652,186,1020,2690,6.10000002384186,234
1624580081,5/2/2016,7155,4.92999982833862,0.860000014305115,0.0,7,1261,1497,4.060000002384186,172
1624580081,5/3/2016,2100,1.37000000476837,0.0,0.0199999995529652,0,1344,1334,1.3400000333786,96
1624580081,5/4/2016,2193,1.42999994754791,0.0,0.0,0,1322,1368,1.41999995708466,118
1624580081,5/5/2016,2470,1.61000001430511,0.0,0.0199999995529652,0,1323,1370,1.58000004291534,117
1624580081,5/6/2016,1727,1.12000000476837,0.0,0.0099999997764825,0,1338,1341,1.12000000476837,102
1624580081,5/7/2016,2104,1.37000000476837,0.0,0.0,0,1258,1474,1.37000000476837,182
1624580081,5/8/2016,3427,2.23000001907349,0.0,0.0,0,1288,1427,2.22000002861023,152
1624580081,5/9/2016,1732,1.12999999523163,0.0,0.0,0,1349,1328,1.12999999523163,91
1624580081,5/10/2016,2969,1.92999994754791,0.0,0.0099999997764825,0,1301,1393,1.91999995708466,139
1624580081,5/11/2016,3134,2.03999996185303,0.0,0.0,0,1328,1359,2.03999996185303,112
1624580081,5/12/2016,2971,1.92999994754791,0.0,0.0099999997764825,0,890,1002,1.91999995708466,107
1644430081,4/12/2016,10694,7.76999998092651,0.140000000596046,0.0,2,1131,3199,7.62999987602233,307
1644430081,4/13/2016,8001,5.82000017166138,2.27999997138977,0.0,30,1259,2902,3.540000081062312,151
1644430081,4/14/2016,11037,8.02000045776367,0.360000014305115,0.0,5,1125,3226,7.65999984741211,310
1644430081,4/15/2016,5263,3.82999992370605,0.219999998807907,0.0,3,1263,2750,3.600000053644184,174
1644430081,4/16/2016,15300,11.1199998855591,4.09999990463257,0.0,51,1135,3493,6.97000014781952,254
1644430081,4/17/2016,8757,6.36999988555908,2.25,0.0,29,1212,3011,4.119999945163723,199
1644430081,4/18/2016,7132,5.19000005722046,1.07000005245209,0.0,15,1271,2806,4.12000000476838,154
1644430081,4/19/2016,11256,8.18000030517578,0.360000014305115,0.0,5,1099,3300,7.83000016212463,336
1644430081,4/20/2016,2436,1.76999998092651,0.0,0.0099999997764825,0,1315,2430,1.75999999046326,125
1644430081,4/21/2016,1223,0.889999985694885,0.0,0.0099999997764825,0,1402,2140,0.879999995231628,38
1644430081,4/22/2016,3673,2.67000007629395,0.0,0.0099999997764825,0,1354,2344,2.66000008583069,86
1644430081,4/23/2016,6637,4.82999992370605,0.0,0.0,0,1265,2677,4.8299999833106995,175
1644430081,4/24/2016,3321,2.41000008583069,0.0,0.0,0,1351,2413,2.41000008583069,89
1644430081,4/25/2016,3580,2.59999990463257,0.589999973773956,0.0,8,1337,2497,2.0100000463426158,95
1644430081,4/26/2016,9919,7.21000003814697,0.800000011920929,0.0,11,1165,3123,6.41000008583069,264
1644430081,4/27/2016,3032,2.20000004768372,0.0,0.0,0,1322,2489,2.20000004768372,118
1644430081,4/28/2016,9405,6.84000015258789,0.200000002980232,0.0,3,1157,3108,6.629999876022341,280
1644430081,4/29/2016,3176,2.30999994277954,0.0,0.0,0,1193,2498,2.30999994277954,120
1644430081,4/30/2016,18213,13.2399997711182,0.629999995231628,0.0,9,816,3846,12.60000014305114,473
1644430081,5/1/2016,6132,4.46000003814697,0.239999994635582,0.0,3,908,2696,4.220000028610233,170
1644430081,5/2/2016,3758,2.73000001907349,0.0700000002980232,0.0,1,682,2580,2.659999907016756,155
1644430081,5/3/2016,12850,9.34000015258789,0.720000028610229,0.0,10,1115,3324,8.63000011444092,315
1644430081,5/4/2016,2309,1.67999994754791,0.0,0.0199999995529652,0,1388,2222,1.6599999666214,52
1644430081,5/5/2016,4363,3.19000005722046,0.519999980926514,0.0099999997764825,6,1341,2463,2.6700001358985923,93
1644430081,5/6/2016,9787,7.11999988555908,0.819999992847443,0.0199999995529652,11,1054,3328,6.280000239610676,375
1644430081,5/7/2016,13372,9.72000026702881,3.25999999046326,0.0099999997764825,41,1139,3404,6.460000097751622,260
1644430081,5/8/2016,6724,4.8899998664856,0.0,0.0,0,991,2987,4.88000011444092,295
1644430081,5/9/2016,6643,4.82999992370605,2.39000010490417,0.0099999997764825,32,1099,3008,2.439999908208846,309
1644430081,5/10/2016,9167,6.65999984741211,0.879999995231628,0.0099999997764825,12,1254,2799,5.779999792575836,174
1644430081,5/11/2016,1329,0.970000028610229,0.0,0.0099999997764825,0,713,1276,0.949999988079071,49
1844505072,4/12/2016,6697,4.42999982833862,0.0,0.0,0,1101,2030,4.42999982833862,339
1844505072,4/13/2016,4929,3.25999999046326,0.0,0.0,0,1192,1860,3.25999999046326,248
1844505072,4/14/2016,7937,5.25,0.0,0.0,0,843,2130,5.23000001907349,373
1844505072,4/15/2016,3844,2.53999996185303,0.0,0.0,0,527,1725,2.53999996185303,176
1844505072,4/16/2016,3414,2.25999999046326,0.0,0.0,0,1293,1657,2.25999999046326,147
1844505072,4/17/2016,4525,2.99000000953674,0.140000000596046,0.0,2,1231,1793,2.849999904632567,207
1844505072,4/18/2016,4597,3.03999996185303,0.0,0.0,0,1211,1814,3.039999932050704,229
1844505072,4/19/2016,197,0.129999995231628,0.0,0.0,0,1430,1366,0.129999995231628,10
1844505072,4/20/2016,8,0.0099999997764825,0.0,0.0,0,1439,1349,0.0099999997764825,1
1844505072,4/21/2016,8054,5.32000017166138,0.119999997317791,0.0,2,1117,2062,5.199999809265134,321
1844505072,4/22/2016,5372,3.54999995231628,0.0,0.0,0,1220,1827,3.54999995231628,220
1844505072,4/23/2016,3570,2.35999989509583,0.0,0.0,0,1301,1645,2.35999989509583,139
1844505072,4/24/2016,0,0.0,0.0,0.0,0,1440,1347,0.0,0
1844505072,4/25/2016,0,0.0,0.0,0.0,0,1440,1347,0.0,0
1844505072,4/26/2016,0,0.0,0.0,0.0,0,1440,1347,0.0,0
1844505072,4/27/2016,4,0.0,0.0,0.0,0,1439,1348,0.0,1
1844505072,4/28/2016,6907,4.57000017166138,0.0,0.0,0,1138,1992,4.55999994277954,302
1844505072,4/29/2016,4920,3.25,0.0,0.0,0,1082,1856,3.25,247
1844505072,4/30/2016,4014,2.67000007629395,0.0,0.0,0,218,1763,2.65000009536743,184
1844505072,5/1/2016,2573,1.70000004768372,0.0,0.0,0,585,1541,1.710000038146977,82
1844505072,5/2/2016,0,0.0,0.0,0.0,0,1440,1348,0.0,0
1844505072,5/3/2016,4059,2.6800000667572,0.0,0.0,0,1256,1742,2.6800000667572,184
1844505072,5/4/2016,2080,1.37000000476837,0.0,0.0,0,1353,1549,1.37000000476837,87
1844505072,5/5/2016,2237,1.48000001907349,0.0,0.0,0,1320,1589,1.48000001907349,120
1844505072,5/6/2016,44,0.0299999993294477,0.0,0.0,0,1438,1351,0.0299999993294477,2
1844505072,5/7/2016,0,0.0,0.0,0.0,0,1440,1347,0.0,0
1844505072,5/8/2016,0,0.0,0.0,0.0,0,1440,1347,0.0,0
1844505072,5/9/2016,0,0.0,0.0,0.0,0,1440,1347,0.0,0
1844505072,5/10/2016,0,0.0,0.0,0.0,0,1440,1347,0.0,0
1844505072,5/11/2016,0,0.0,0.0,0.0,0,1440,1347,0.0,0
1844505072,5/12/2016,0,0.0,0.0,0.0,0,711,665,0.0,0
1927972279,4/12/2016,678,0.469999998807907,0.0,0.0,0,734,2220,0.469999998807907,55
1927972279,4/13/2016,356,0.25,0.0,0.0,0,986,2151,0.25,32
1927972279,4/14/2016,2163,1.5,0.0,0.0,0,1292,2383,1.500000029802324,97
1927972279,4/15/2016,980,0.680000007152557,0.0,0.0,0,941,2221,0.680000007152557,51
1927972279,4/16/2016,0,0.0,0.0,0.0,0,1440,2064,0.0,0
1927972279,4/17/2016,0,0.0,0.0,0.0,0,1440,2063,0.0,0
1927972279,4/18/2016,244,0.170000001788139,0.0,0.0,0,1423,2111,0.170000001788139,17
1927972279,4/19/2016,0,0.0,0.0,0.0,0,1440,2063,0.0,0
1927972279,4/20/2016,0,0.0,0.0,0.0,0,1440,2063,0.0,0
1927972279,4/21/2016,0,0.0,0.0,0.0,0,1440,2064,0.0,0
1927972279,4/22/2016,149,0.100000001490116,0.0,0.0,0,1430,2093,0.100000001490116,10
1927972279,4/23/2016,2945,2.03999996185303,0.0,0.0,0,1295,2499,2.03999996185303,145
1927972279,4/24/2016,2090,1.45000004768372,0.0700000002980232,0.0,1,1358,2324,1.3799999803304719,81
1927972279,4/25/2016,152,0.109999999403954,0.0,0.0,0,1303,2100,0.109999999403954,12
1927972279,4/26/2016,3761,2.59999990463257,0.0,0.0,0,1058,2638,2.59999990463257,192
1927972279,4/27/2016,0,0.0,0.0,0.0,0,1440,2063,0.0,0
1927972279,4/28/2016,1675,1.1599999666214,0.0,0.0,0,1167,2351,1.1599999666214,95
1927972279,4/29/2016,0,0.0,0.0,0.0,0,1440,2063,0.0,0
1927972279,4/30/2016,0,0.0,0.0,0.0,0,1440,2064,0.0,0
1927972279,5/1/2016,2704,1.87000000476837,1.00999999046326,0.0,14,1355,2411,0.8599999826401468,71
1927972279,5/2/2016,3790,2.61999988555908,1.1599999666214,0.0,16,1322,2505,1.459999978542329,102
1927972279,5/3/2016,1326,0.920000016689301,0.730000019073486,0.0,10,1413,2195,0.180000007152557,17
1927972279,5/4/2016,1786,1.24000000953674,0.0,0.0,0,1353,2338,1.24000000953674,87
1927972279,5/5/2016,0,0.0,0.0,0.0,0,1440,2063,0.0,0
1927972279,5/6/2016,2091,1.45000004768372,0.0,0.0,0,1332,2383,1.45000004768372,108
1927972279,5/7/2016,1510,1.03999996185303,0.0,0.0,0,1392,2229,1.03999996185303,48
1927972279,5/8/2016,0,0.0,0.0,0.0,0,1440,2063,0.0,0
1927972279,5/9/2016,0,0.0,0.0,0.0,0,1440,2063,0.0,0
1927972279,5/10/2016,0,0.0,0.0,0.0,0,1440,2063,0.0,0
1927972279,5/11/2016,0,0.0,0.0,0.0,0,1440,2063,0.0,0
1927972279,5/12/2016,0,0.0,0.0,0.0,0,966,1383,0.0,0
2022484408,4/12/2016,11875,8.34000015258789,3.30999994277954,0.0,42,1157,2390,5.030000209808354,241
2022484408,4/13/2016,12024,8.5,2.99000000953674,0.0,43,1100,2601,5.509999848902226,297
2022484408,4/14/2016,10690,7.5,2.48000001907349,0.0,32,1148,2312,5.030000165104869,260
2022484408,4/15/2016,11034,8.02999973297119,1.94000005722046,0.0,27,1122,2525,6.090000212192535,291
2022484408,4/16/2016,10100,7.09000015258789,3.15000009536743,0.0,41,1237,2177,3.940000116825099,162
2022484408,4/17/2016,15112,11.3999996185303,3.86999988555908,0.0,28,1052,2782,7.5400001406669634,360
2022484408,4/18/2016,14131,10.0699996948242,3.64000010490417,0.0,48,1078,2770,6.420000188052651,314
2022484408,4/19/2016,11548,8.52999973297119,3.28999996185303,0.0,31,1152,2489,5.239999994635582,257
2022484408,4/20/2016,15112,10.6700000762939,3.33999991416931,0.0,48,1053,2897,7.33000004291534,339
2022484408,4/21/2016,12453,8.73999977111816,3.32999992370605,0.0,104,1028,3158,5.41999995708465,308
2022484408,4/22/2016,12954,9.32999992370605,4.42999982833862,0.0,52,1105,2638,4.8899997770786285,283
2022484408,4/23/2016,6001,4.21000003814697,0.0,0.0,0,1191,2069,4.21000003814697,249
2022484408,4/24/2016,13481,10.2799997329712,4.55000019073486,0.0,37,1161,2529,5.729999899864191,242
2022484408,4/25/2016,11369,8.01000022888184,3.32999992370605,0.0,44,1171,2470,4.680000036954877,225
2022484408,4/26/2016,10119,7.19000005722046,1.42999994754791,0.0,55,1086,2793,5.770000159740444,299
2022484408,4/27/2016,10159,7.13000011444092,1.03999996185303,0.0,19,1119,2463,6.08999991416931,302
2022484408,4/28/2016,10140,7.11999988555908,0.409999996423721,0.0,6,1123,2296,6.71999990940094,311
2022484408,4/29/2016,10245,7.19000005722046,0.479999989271164,0.0,21,1098,2611,6.71000003814697,321
2022484408,4/30/2016,18387,12.9099998474121,0.939999997615814,0.0,13,1043,2732,11.96999967098234,384
2022484408,5/1/2016,10538,7.40000009536743,1.94000005722046,0.0,25,1142,2380,5.459999978542328,273
2022484408,5/2/2016,10379,7.28999996185303,2.60999989509583,0.0,36,1119,2473,4.669999927282329,285
2022484408,5/3/2016,12183,8.73999977111816,3.99000000953674,0.0,72,1104,2752,4.740000218153,264
2022484408,5/4/2016,11768,8.28999996185303,2.50999999046326,0.0,36,1105,2649,5.7799999117851275,299
2022484408,5/5/2016,11895,8.35000038146973,2.78999996185303,0.0,55,1112,2609,5.559999823570255,273
2022484408,5/6/2016,10227,7.17999982833862,1.87000000476837,0.0,24,1104,2498,5.309999883174902,312
2022484408,5/7/2016,6708,4.71000003814697,1.61000001430511,0.0,20,1269,1995,3.0999999791383708,151
2022484408,5/8/2016,3292,2.30999994277954,0.0,0.0,0,1305,1848,2.30999994277954,135
2022484408,5/9/2016,13379,9.39000034332275,2.11999988555908,0.0,35,1061,2709,7.26999986171723,344
2022484408,5/10/2016,12798,8.97999954223633,2.22000002861023,0.0,57,1084,2797,6.76999998092651,299
2022484408,5/11/2016,13272,9.31999969482422,4.17999982833862,0.0,58,1133,2544,5.13999998569488,249
2022484408,5/12/2016,9117,6.40999984741211,1.27999997138977,0.0,16,728,1853,5.110000073909761,252
2026352035,4/12/2016,4414,2.74000000953674,0.189999997615814,0.0,3,706,1459,2.550000041723256,189
2026352035,4/13/2016,4993,3.09999990463257,0.0,0.0,0,663,1521,3.09999990463257,238
2026352035,4/14/2016,3335,2.0699999332428,0.0,0.0,0,653,1431,2.04999995231628,197
2026352035,4/15/2016,3821,2.36999988555908,0.0,0.0,0,687,1444,2.36999988555908,188
2026352035,4/16/2016,2547,1.58000004291534,0.0,0.0,0,728,1373,1.58000004291534,150
2026352035,4/17/2016,838,0.519999980926514,0.0,0.0,0,1053,1214,0.519999980926514,60
2026352035,4/18/2016,3325,2.05999994277954,0.0,0.0,0,1062,1419,2.05999994277954,182
2026352035,4/19/2016,2424,1.5,0.0,0.0,0,785,1356,1.5,141
2026352035,4/20/2016,7222,4.48000001907349,0.0,0.0,0,623,1667,4.48000001907349,327
2026352035,4/21/2016,2467,1.52999997138977,0.0,0.0,0,749,1370,1.52999997138977,153
2026352035,4/22/2016,2915,1.80999994277954,0.0,0.0,0,712,1399,1.80999994277954,162
2026352035,4/23/2016,12357,7.71000003814697,0.0,0.0,0,458,1916,7.71000003814697,432
2026352035,4/24/2016,3490,2.16000008583069,0.0,0.0,0,704,1401,2.16000008583069,164
2026352035,4/25/2016,6017,3.73000001907349,0.0,0.0,0,821,1576,3.73000001907349,260
2026352035,4/26/2016,5933,3.6800000667572,0.0,0.0,0,1018,1595,3.6800000667572,288
2026352035,4/27/2016,6088,3.76999998092651,0.0,0.0,0,586,1593,3.76999998092651,286
2026352035,4/28/2016,6375,3.95000004768372,0.0,0.0,0,626,1649,3.95000004768372,331
2026352035,4/29/2016,7604,4.71000003814697,0.0,0.0,0,492,1692,4.71000003814697,352
2026352035,4/30/2016,4729,2.9300000667572,0.0,0.0,0,594,1506,2.9300000667572,233
2026352035,5/1/2016,3609,2.27999997138977,0.0,0.0,0,716,1447,2.27999997138977,191
2026352035,5/2/2016,7018,4.34999990463257,0.0,0.0,0,716,1690,4.34999990463257,355
2026352035,5/3/2016,5992,3.72000002861023,0.0,0.0,0,981,1604,3.72000002861023,304
2026352035,5/4/2016,6564,4.07000017166138,0.0,0.0,0,530,1658,4.07000017166138,345
2026352035,5/5/2016,12167,7.53999996185303,0.0,0.0,0,479,1926,7.53999996185303,475
2026352035,5/6/2016,8198,5.07999992370605,0.0,0.0,0,511,1736,5.07999992370605,383
2026352035,5/7/2016,4193,2.59999990463257,0.0,0.0,0,665,1491,2.59999990463257,229
2026352035,5/8/2016,5528,3.45000004768372,0.0,0.0,0,610,1555,3.45000004768372,258
2026352035,5/9/2016,10685,6.61999988555908,0.0,0.0,0,543,1869,6.59999990463257,401
2026352035,5/10/2016,254,0.159999996423721,0.0,0.0,0,1002,1141,0.159999996423721,17
2026352035,5/11/2016,8580,5.32000017166138,0.0,0.0,0,569,1698,5.32000017166138,330
2026352035,5/12/2016,8891,5.51000022888184,0.0,0.0,0,330,1364,5.51000022888184,343
2320127002,4/12/2016,10725,7.48999977111816,1.16999995708466,0.0,13,1112,2124,6.320000231266026,315
2320127002,4/13/2016,7275,4.90000009536743,0.0,0.0,0,1105,2003,4.90000009536743,335
2320127002,4/14/2016,3973,2.6800000667572,0.0,0.0,0,1249,1696,2.6800000667572,191
2320127002,4/15/2016,5205,3.50999999046326,0.0,0.0,0,1195,1801,3.50999999046326,245
2320127002,4/16/2016,5057,3.41000008583069,0.0,0.0,0,1245,1724,3.40000009536743,195
2320127002,4/17/2016,6198,4.17999982833862,0.0,0.0,0,1191,1852,4.17999982833862,249
2320127002,4/18/2016,6559,4.42000007629395,0.0,0.0,0,1173,1905,4.399999856948857,267
2320127002,4/19/2016,5997,4.03999996185303,0.0,0.0,0,1201,1811,4.040000081062318,239
2320127002,4/20/2016,7192,4.84999990463257,0.0,0.0,0,1146,1922,4.830000162124633,294
2320127002,4/21/2016,3404,2.28999996185303,0.0599999986588955,0.0,1,1302,1610,2.229999929666518,137
2320127002,4/22/2016,5583,3.75999999046326,0.0,0.0,0,1174,1851,3.75999999046326,266
2320127002,4/23/2016,5079,3.42000007629395,0.0,0.0,0,1129,1804,3.42000007629395,242
2320127002,4/24/2016,4165,2.80999994277954,0.0,0.0,0,1236,1725,2.79999995231628,204
2320127002,4/25/2016,3588,2.42000007629395,0.230000004172325,0.0,3,1280,1654,2.190000012516972,157
2320127002,4/26/2016,3409,2.29999995231628,0.0,0.0,0,1293,1632,2.29999995231628,147
2320127002,4/27/2016,1715,1.1599999666214,0.0,0.0,0,1358,1481,1.1599999666214,82
2320127002,4/28/2016,1532,1.02999997138977,0.0,0.0,0,1364,1473,1.02999997138977,76
2320127002,4/29/2016,924,0.620000004768372,0.0,0.0,0,1395,1410,0.620000004768372,45
2320127002,4/30/2016,4571,3.07999992370605,0.0,0.0,0,1206,1779,3.0699999332428,234
2320127002,5/1/2016,772,0.519999980926514,0.0,0.0,0,1400,1403,0.519999980926514,40
2320127002,5/2/2016,3634,2.45000004768372,0.360000014305115,0.0,5,1306,1613,2.089999988675119,129
2320127002,5/3/2016,7443,5.01999998092651,1.49000000953674,0.0,20,1204,1878,3.530000090599062,216
2320127002,5/4/2016,1201,0.810000002384186,0.0,0.0,0,1388,1426,0.810000002384186,52
2320127002,5/5/2016,5202,3.50999999046326,0.0,0.0,0,1206,1780,3.499999880790715,234
2320127002,5/6/2016,4878,3.28999996185303,0.0,0.0,0,1236,1742,3.28999996185303,204
2320127002,5/7/2016,7379,4.96999979019165,0.0,0.0,0,1121,1972,4.96999979019165,319
2320127002,5/8/2016,5161,3.48000001907349,0.0,0.0,0,1193,1821,3.47000002861023,247
2320127002,5/9/2016,3090,2.07999992370605,0.0,0.0,0,1295,1630,2.07999992370605,145
2320127002,5/10/2016,6227,4.19999980926514,0.0,0.0,0,1150,1899,4.19999980926514,290
2320127002,5/11/2016,6424,4.32999992370605,0.0,0.0,0,1140,1903,4.32999992370605,300
2320127002,5/12/2016,2661,1.78999996185303,0.0,0.0,0,830,1125,1.78999996185303,128
2347167796,4/12/2016,10113,6.82999992370605,2.0,0.0,28,964,2344,4.819999814033512,333
2347167796,4/13/2016,10352,7.01000022888184,1.6599999666214,0.0,19,676,2038,5.35000014305115,227
2347167796,4/14/2016,10129,6.69999980926514,0.0199999995529652,0.0,1,705,2010,6.6800000667572,254
2347167796,4/15/2016,10465,6.92000007629395,0.0700000002980232,0.0,1,720,2133,6.849999785423281,308
2347167796,4/16/2016,22244,15.0799999237061,5.44999980926514,0.0,66,968,2670,9.63000011444092,340
2347167796,4/17/2016,5472,3.61999988555908,0.0799999982118607,0.0,1,508,1882,3.539999991655353,256
2347167796,4/18/2016,8247,5.44999980926514,0.790000021457672,0.0,11,678,1944,4.649999976158145,222
2347167796,4/19/2016,6711,4.44000005722046,0.0,0.0,0,648,2346,4.44000005722046,389
2347167796,4/20/2016,10999,7.26999998092651,0.680000007152557,0.0,11,1011,2198,6.59000015258789,312
2347167796,4/21/2016,10080,6.75,1.85000002384186,0.0,23,761,2048,4.91000008583069,234
2347167796,4/22/2016,7804,5.15999984741211,0.560000002384186,0.0,9,781,1946,4.60000002384186,233
2347167796,4/23/2016,16901,11.3699998855591,2.77999997138977,0.0,32,591,2629,8.60000014305115,395
2347167796,4/24/2016,9471,6.26000022888184,0.0,0.0,0,584,2187,6.26000022888184,360
2347167796,4/25/2016,9482,6.38000011444092,1.26999998092651,0.0,15,653,2095,5.119999885559084,288
2347167796,4/26/2016,5980,3.95000004768372,0.0,0.0,0,732,1861,3.95000004768372,227
2347167796,4/27/2016,11423,7.57999992370605,1.86000001430511,0.0,26,623,2194,5.720000177621843,304
2347167796,4/28/2016,5439,3.59999990463257,0.0,0.0,0,764,1854,3.59999990463257,229
2347167796,4/29/2016,42,0.0299999993294477,0.0,0.0,0,2,403,0.0299999993294477,4
2873212765,4/12/2016,8796,5.90999984741211,0.109999999403954,0.0,2,1061,1982,5.810000121593477,377
2873212765,4/13/2016,7618,5.11999988555908,0.0,0.0199999995529652,0,1028,2004,5.100000113248827,412
2873212765,4/14/2016,7910,5.32000017166138,0.0,0.0,0,1109,1893,5.32000017166138,331
2873212765,4/15/2016,8482,5.69999980926514,0.0,0.0099999997764825,0,992,2063,5.69000005722046,448
2873212765,4/16/2016,9685,6.65000009536743,3.10999989509583,0.0099999997764825,47,1087,2148,3.529999990016225,306
2873212765,4/17/2016,2524,1.70000004768372,0.0,0.0,0,1272,1529,1.690000027418136,168
2873212765,4/18/2016,7762,5.23999977111816,0.0700000002980232,0.0,1,1122,1890,5.169999867677693,317
2873212765,4/19/2016,7948,5.36999988555908,0.0,0.0,0,1051,1956,5.3600001335144,389
2873212765,4/20/2016,9202,6.30000019073486,1.50999999046326,0.0099999997764825,22,1035,2094,4.779999844729901,383
2873212765,4/21/2016,8859,5.98000001907349,0.129999995231628,0.0099999997764825,2,1057,1970,5.839999794960022,381
2873212765,4/22/2016,7286,4.90000009536743,0.46000000834465,0.0199999995529652,46,1028,2241,4.42000007629395,366
2873212765,4/23/2016,9317,6.34999990463257,2.08999991416931,0.0099999997764825,28,1077,2021,4.249999985098835,335
2873212765,4/24/2016,6873,4.67999982833862,3.0,0.0,46,1203,1898,1.6800000034272655,191
2873212765,4/25/2016,7373,4.94999980926514,0.0,0.0,0,1081,1907,4.94999980926514,359
2873212765,4/26/2016,8242,5.53999996185303,0.119999997317791,0.0,2,1124,1882,5.419999778270717,314
2873212765,4/27/2016,3516,2.35999989509583,0.0,0.0,46,1197,1966,2.35999989509583,197
2873212765,4/28/2016,7913,5.40999984741211,2.16000008583069,0.0,28,1192,1835,3.250000089406969,220
2873212765,4/29/2016,7365,4.94999980926514,1.36000001430511,0.0,20,1191,1780,3.5900000333786,229
2873212765,4/30/2016,8452,5.67999982833862,0.330000013113022,0.0099999997764825,5,1167,1830,5.34000027179718,268
2873212765,5/1/2016,7399,4.96999979019165,0.490000009536743,0.0,7,1219,1739,4.48000001907349,214
2873212765,5/2/2016,7525,5.05999994277954,0.0,0.0199999995529652,0,1099,1878,5.039999917149539,341
2873212765,5/3/2016,7412,4.98000001907349,0.0599999986588955,0.0099999997764825,1,1070,1906,4.90999984741211,369
2873212765,5/4/2016,8278,5.55999994277954,0.0,0.0,0,1020,2015,5.55999994277954,420
2873212765,5/5/2016,8314,5.6100001335144,0.779999971389771,0.0,13,1093,1971,4.830000221729279,334
2873212765,5/6/2016,7063,4.75,0.0,0.0099999997764825,0,1065,1910,4.730000130832191,375
2873212765,5/7/2016,4940,3.38000011444092,2.27999997138977,0.0,75,1302,1897,1.100000023841858,63
2873212765,5/8/2016,8168,5.53999996185303,2.90000009536743,0.0,46,1068,2096,2.64000010490417,326
2873212765,5/9/2016,7726,5.19000005722046,0.0,0.0,0,1095,1906,5.19000005722046,345
2873212765,5/10/2016,8275,5.55999994277954,0.0,0.0099999997764825,0,1067,1962,5.55000019073486,373
2873212765,5/11/2016,6440,4.32999992370605,0.0,0.0099999997764825,0,1121,1826,4.32000017166138,319
2873212765,5/12/2016,7566,5.1100001335144,0.0,0.0,0,720,1431,5.1100001335144,268
3372868164,4/12/2016,4747,3.24000000953674,0.0,0.0099999997764825,0,1160,1788,3.23000001907349,280
3372868164,4/13/2016,9715,6.63000011444092,0.990000009536743,0.0199999995529652,16,1045,2093,5.609999984502789,379
3372868164,4/14/2016,8844,6.03000020980835,0.340000003576279,0.0099999997764825,6,1039,2065,5.6800000667572,395
3372868164,4/15/2016,7451,5.07999992370605,0.0,0.0199999995529652,0,1105,1908,5.05999994277954,335
3372868164,4/16/2016,6905,4.73000001907349,0.0,0.0299999993294477,0,1084,1908,4.69999980926514,356
3372868164,4/17/2016,8199,5.88000011444092,1.4099999666214,0.0099999997764825,11,1105,1964,4.460000135004516,324
3372868164,4/18/2016,6798,4.6399998664856,1.08000004291534,0.0,20,1070,2014,3.549999907612802,350
3372868164,4/19/2016,7711,5.26000022888184,0.0,0.0199999995529652,0,1064,1985,5.23999977111816,376
3372868164,4/20/2016,4880,3.32999992370605,0.839999973773956,0.0199999995529652,15,1148,1867,2.470000118017199,277
3372868164,4/21/2016,8857,6.07000017166138,1.14999997615814,0.0099999997764825,18,1037,2124,4.899999856948857,385
3372868164,4/22/2016,3843,2.61999988555908,0.0,0.0099999997764825,0,1234,1669,2.60999989509583,206
3372868164,4/23/2016,7396,5.07000017166138,1.39999997615814,0.0,20,1115,1995,3.6599999219179105,305
3372868164,4/24/2016,6731,4.59000015258789,0.889999985694885,0.0199999995529652,14,1127,1921,3.680000007152554,299
3372868164,4/25/2016,5995,4.09000015258789,0.0,0.0,0,1024,2010,4.09000015258789,416
3372868164,4/26/2016,8283,5.78999996185303,1.85000002384186,0.0099999997764825,22,1083,2057,3.919999886304138,335
3372868164,4/27/2016,7904,5.42000007629395,1.58000004291534,0.0099999997764825,24,1057,2095,3.820000052452088,359
3372868164,4/28/2016,5512,3.75999999046326,0.0,0.0,0,1055,1972,3.75999999046326,385
3372868164,4/29/2016,9135,6.23000001907349,0.0,0.0099999997764825,0,1038,2044,6.21999979019165,402
3372868164,4/30/2016,5250,3.57999992370605,1.05999994277954,0.0099999997764825,17,1119,1946,2.510000079870229,304
3372868164,5/1/2016,3077,2.09999990463257,0.0,0.0,0,842,1237,2.08999991416931,172
3977333714,4/12/2016,8856,5.98000001907349,3.05999994277954,0.0,44,777,1450,2.920000016689304,150
3977333714,4/13/2016,10035,6.71000003814697,2.02999997138977,0.0,31,754,1495,4.6800000667572,199
3977333714,4/14/2016,7641,5.1100001335144,0.319999992847443,0.0,5,801,1433,4.789999961853029,237
3977333714,4/15/2016,9010,6.05999994277954,1.04999995231628,0.0,15,644,1468,5.00999999046326,225
3977333714,4/16/2016,13459,9.0,2.02999997138977,0.0,31,663,1625,6.9700000286102295,236
3977333714,4/17/2016,10415,6.96999979019165,0.699999988079071,0.0,11,600,1529,6.269999980926521,263
3977333714,4/18/2016,11663,7.80000019073486,0.25,0.0,4,605,1584,7.5499999523162895,309
3977333714,4/19/2016,12414,8.77999973297119,2.24000000953674,0.0,19,738,1638,6.41000008583069,288
3977333714,4/20/2016,11658,7.82999992370605,0.200000002980232,0.0,2,845,1554,7.629999876022341,262
3977333714,4/21/2016,6093,4.07999992370605,0.0,0.0,0,712,1397,4.05999994277954,242
3977333714,4/22/2016,8911,5.96000003814697,2.32999992370605,0.0,33,731,1481,3.639999926090239,200
3977333714,4/23/2016,12058,8.06999969482422,0.0,0.0,0,724,1638,8.06999969482422,344
3977333714,4/24/2016,14112,10.0,3.26999998092651,0.0,30,660,1655,6.73000001907349,224
3977333714,4/25/2016,11177,8.47999954223633,5.61999988555908,0.0,50,781,1570,2.8400000929832467,142
3977333714,4/26/2016,11388,7.61999988555908,0.449999988079071,0.0,7,797,1551,7.16999983787537,265
3977333714,4/27/2016,7193,5.03999996185303,0.0,0.0,0,714,1377,5.039999872446058,186
3977333714,4/28/2016,7114,4.88000011444092,1.37000000476837,0.0,15,804,1407,3.51000002026558,198
3977333714,4/29/2016,10645,7.75,3.74000000953674,0.0,36,744,1545,4.00999999046325,182
3977333714,4/30/2016,13238,9.19999980926514,3.69000005722046,0.0,43,687,1650,5.50999999046326,246
3977333714,5/1/2016,10414,7.07000017166138,2.67000007629395,0.0,41,691,1501,4.39000010490418,164
3977333714,5/2/2016,16520,11.0500001907349,1.53999996185303,0.0,24,713,1760,9.5,319
3977333714,5/3/2016,14335,9.59000015258789,3.3199999332428,0.0,47,594,1710,6.270000219345089,299
3977333714,5/4/2016,13559,9.4399995803833,1.80999994277954,0.0,14,852,1628,7.470000028610221,238
3977333714,5/5/2016,12312,8.57999992370605,1.75999999046326,0.0,14,680,1618,6.82000017166137,266
3977333714,5/6/2016,11677,8.27999973297119,3.10999989509583,0.0,29,676,1590,5.18000006675721,223
3977333714,5/7/2016,11550,7.73000001907349,0.0,0.0,0,703,1574,7.7200000286102295,294
3977333714,5/8/2016,13585,9.09000015258789,0.680000007152557,0.0,9,688,1633,8.40999984741211,287
3977333714,5/9/2016,14687,10.0799999237061,0.769999980926514,0.0,8,1159,1667,9.14999985694885,273
3977333714,5/10/2016,13072,8.77999973297119,0.0700000002980232,0.0,1,676,1630,8.710000038146969,311
3977333714,5/11/2016,746,0.5,0.370000004768372,0.0,4,13,52,0.129999995231628,9
4020332650,4/12/2016,8539,6.11999988555908,0.150000005960464,0.0,4,712,3654,5.919999822974202,346
4020332650,4/13/2016,0,0.0,0.0,0.0,0,1440,1981,0.0,0
4020332650,4/14/2016,108,0.0799999982118607,0.0,0.0,0,1437,2011,0.0299999993294477,3
4020332650,4/15/2016,1882,1.35000002384186,0.209999993443489,0.0,36,1299,2951,1.129999995231629,105
4020332650,4/16/2016,1982,1.41999995708466,0.449999988079071,0.0,65,1222,3051,0.959999978542328,76
4020332650,4/17/2016,16,0.0099999997764825,0.0,0.0,0,1438,1990,0.0099999997764825,2
4020332650,4/18/2016,62,0.0399999991059303,0.0,0.0,0,1438,1995,0.0399999991059303,2
4020332650,4/19/2016,0,0.0,0.0,0.0,0,1440,1980,0.0,0
4020332650,4/20/2016,0,0.0,0.0,0.0,0,1440,1980,0.0,0
4020332650,4/21/2016,0,0.0,0.0,0.0,0,1440,1980,0.0,0
4020332650,4/22/2016,0,0.0,0.0,0.0,0,1440,1980,0.0,0
4020332650,4/23/2016,0,0.0,0.0,0.0,0,1440,1980,0.0,0
4020332650,4/24/2016,0,0.0,0.0,0.0,0,1440,1980,0.0,0
4020332650,4/25/2016,0,0.0,0.0,0.0,0,1440,1980,0.0,0
4020332650,4/26/2016,0,0.0,0.0,0.0,0,1440,1980,0.0,0
4020332650,4/27/2016,0,0.0,0.0,0.0,0,1440,1980,0.0,0
4020332650,4/28/2016,0,0.0,0.0,0.0,0,1440,1980,0.0,0
4020332650,4/29/2016,0,0.0,0.0,0.0,0,1440,1980,0.0,0
4020332650,4/30/2016,0,0.0,0.0,0.0,0,1440,1980,0.0,0
4020332650,5/1/2016,0,0.0,0.0,0.0,0,1440,1980,0.0,0
4020332650,5/2/2016,475,0.340000003576279,0.0,0.0,0,1350,2207,0.3299999907612803,42
4020332650,5/3/2016,4496,3.22000002861023,0.0,0.0500000007450581,0,950,2828,3.15000009536743,174
4020332650,5/4/2016,10252,7.34999990463257,0.670000016689301,0.0,13,531,3879,6.61999988555908,392
4020332650,5/5/2016,11728,8.43000030517578,2.61999988555908,0.0700000002980232,38,916,3429,5.71999990940094,238
4020332650,5/6/2016,4369,3.13000011444092,0.0,0.0099999997764825,0,855,2704,3.09999990463257,177
4020332650,5/7/2016,6132,4.40000009536743,0.0,0.0,0,1256,2975,3.57999992370605,184
4020332650,5/8/2016,5862,4.19999980926514,0.0,0.0,0,775,3089,4.15000009536743,263
4020332650,5/9/2016,4556,3.26999998092651,0.200000002980232,0.0,3,1225,2785,3.060000054538251,178
4020332650,5/10/2016,5546,3.98000001907349,0.0,0.0399999991059303,0,774,2926,3.86999988555908,206
4020332650,5/11/2016,3689,2.65000009536743,0.109999999403954,0.0,2,1296,2645,2.4999999254941887,142
4020332650,5/12/2016,590,0.419999986886978,0.0,0.0,0,721,1120,0.409999996423721,21
4057192912,4/12/2016,5394,4.03000020980835,0.0,0.0,0,1276,2286,3.94000005722046,164
4057192912,4/13/2016,5974,4.46999979019165,0.0,0.0,0,1280,2306,4.36999988555908,160
4057192912,4/14/2016,0,0.0,0.0,0.0,0,1440,1776,0.0,0
4057192912,4/15/2016,3984,2.95000004768372,0.209999993443489,0.0,3,873,1527,2.7000000476837167,94
4319703577,4/12/2016,7753,5.19999980926514,0.0,0.0,0,1440,2115,0.0,0
4319703577,4/13/2016,8204,5.5,0.529999971389771,0.0,8,1234,2135,1.899999916553496,111
4319703577,4/14/2016,10210,6.88000011444092,0.109999999403954,0.0,1,589,2302,6.770000070333482,348
4319703577,4/15/2016,5664,3.79999995231628,0.0,0.0,0,752,1985,3.79999995231628,228
4319703577,4/16/2016,4744,3.1800000667572,0.0,0.0,0,724,1884,3.1800000667572,194
4319703577,4/17/2016,29,0.0199999995529652,0.0,0.0,0,1363,1464,0.0199999995529652,3
4319703577,4/18/2016,2276,1.54999995231628,0.0700000002980232,0.0,1,824,1632,1.450000017881392,67
4319703577,4/19/2016,8925,5.98999977111816,0.0,0.0,0,604,2200,5.98999977111816,311
4319703577,4/20/2016,8954,6.01000022888184,0.0,0.0,0,671,2220,5.9899999499320975,324
4319703577,4/21/2016,3702,2.48000001907349,0.0,0.0,0,1265,1792,0.349999994039536,34
4319703577,4/22/2016,4500,3.01999998092651,0.0599999986588955,0.0,1,709,1886,2.9600000977516157,195
4319703577,4/23/2016,4935,3.30999994277954,0.0,0.0,0,546,1945,3.30999994277954,233
4319703577,4/24/2016,4081,2.74000000953674,0.0599999986588955,0.0,1,692,1880,2.6700000315904617,196
4319703577,4/25/2016,9259,6.21000003814697,0.0,0.0,0,544,2314,6.209999829530713,398
4319703577,4/26/2016,9899,6.6399998664856,0.569999992847443,0.0,8,649,2236,6.07000011205673,309
4319703577,4/27/2016,10780,7.23000001907349,0.409999996423721,0.0,6,680,2324,6.8299998044967705,347
4319703577,4/28/2016,10817,7.28000020980835,1.00999999046326,0.0,13,552,2367,6.270000070333482,367
4319703577,4/29/2016,7990,5.3600001335144,0.449999988079071,0.0,6,624,2175,4.909999907016752,307
4319703577,4/30/2016,8221,5.51999998092651,0.400000005960464,0.0,6,695,2092,5.12000000476837,234
4319703577,5/1/2016,1251,0.839999973773956,0.0,0.0,0,836,1593,0.839999973773956,67
4319703577,5/2/2016,9261,6.23999977111816,0.0,0.0,0,585,2270,6.150000035762784,355
4319703577,5/3/2016,9648,6.46999979019165,0.579999983310699,0.0,8,669,2235,5.89999997615814,313
4319703577,5/4/2016,10429,7.01999998092651,0.589999973773956,0.0,8,1106,2282,6.42999988794327,326
4319703577,5/5/2016,13658,9.48999977111816,2.63000011444092,0.0,27,957,2530,6.85999977588654,362
4319703577,5/6/2016,9524,6.42000007629395,0.409999996423721,0.0,6,692,2266,5.930000036954877,325
4319703577,5/7/2016,7937,5.32999992370605,0.189999997615814,0.0,3,586,2158,5.12999987602233,307
4319703577,5/8/2016,3672,2.46000003814697,0.0,0.0,0,603,1792,2.46000003814697,153
4319703577,5/9/2016,10378,6.96000003814697,0.140000000596046,0.0,2,490,2345,6.810000002384186,388
4319703577,5/10/2016,9487,6.36999988555908,0.209999993443489,0.0,3,555,2260,6.1599998176097905,341
4319703577,5/11/2016,9129,6.13000011444092,0.200000002980232,0.0,3,574,2232,5.9199998378753635,329
4319703577,5/12/2016,17,0.0099999997764825,0.0,0.0,0,0,257,0.0099999997764825,2
4388161847,4/12/2016,10122,7.78000020980835,0.0,0.0,0,1440,2955,0.0,0
4388161847,4/13/2016,10993,8.44999980926514,0.0599999986588955,0.0,1,1275,3092,4.510000109672548,164
4388161847,4/14/2016,8863,6.82000017166138,0.129999995231628,0.0,10,945,2998,6.68999993801117,254
4388161847,4/15/2016,8758,6.73000001907349,0.0,0.0,0,837,3066,6.73000001907349,299
4388161847,4/16/2016,6580,5.05999994277954,0.209999993443489,0.0,6,609,3073,4.849999815225604,262
4388161847,4/17/2016,4660,3.57999992370605,0.0,0.0,0,721,2572,3.57999992370605,201
4388161847,4/18/2016,11009,9.10000038146973,3.55999994277954,0.0,27,1017,3274,5.539999872446064,247
4388161847,4/19/2016,10181,7.82999992370605,1.37000000476837,0.0,20,704,3015,6.459999978542324,265
4388161847,4/20/2016,10553,8.11999988555908,1.10000002384186,0.0,19,696,3083,7.00999999046326,270
4388161847,4/21/2016,10055,7.73000001907349,0.370000004768372,0.0,7,853,3069,7.370000004768375,284
4388161847,4/22/2016,12139,9.34000015258789,3.29999995231628,0.0,77,945,3544,6.03000009059906,245
4388161847,4/23/2016,13236,10.1800003051758,4.5,0.0,58,749,3306,5.669999897480013,220
4388161847,4/24/2016,10243,7.88000011444092,1.08000004291534,0.0,14,584,2885,6.810000181198117,247
4388161847,4/25/2016,12961,9.97000026702881,0.730000019073486,0.0,11,1054,3288,9.24000012874603,332
4388161847,4/26/2016,9461,7.28000020980835,0.939999997615814,0.0,14,673,2929,6.32999992370605,247
4388161847,4/27/2016,11193,8.60999965667725,0.699999988079071,0.0,11,684,3074,7.89999985694886,289
4388161847,4/28/2016,10074,7.75,1.28999996185303,0.0,19,878,2969,6.460000216960907,243
4388161847,4/29/2016,9232,7.09999990463257,0.800000011920929,0.0,13,1175,2979,6.310000061988835,252
4388161847,4/30/2016,12533,9.64000034332275,0.699999988079071,0.0,14,537,3283,8.940000057220459,343
4388161847,5/1/2016,10255,7.8899998664856,1.00999999046326,0.0,12,579,2926,6.879999816417698,256
4388161847,5/2/2016,10096,8.39999961853027,3.76999998092651,0.0,33,935,3147,4.63000018894672,208
4388161847,5/3/2016,12727,9.78999996185303,1.12999999523163,0.0,18,984,3290,8.66000008583069,324
4388161847,5/4/2016,12375,9.52000045776367,2.78999996185303,0.0,35,632,3162,6.730000197887417,272
4388161847,5/5/2016,9603,7.38000011444092,0.629999995231628,0.0,12,896,2899,6.76000010967255,238
4388161847,5/6/2016,13175,10.1300001144409,2.10999989509583,0.0,33,1100,3425,8.019999742507931,307
4388161847,5/7/2016,22770,17.5400009155273,9.44999980926514,0.0,120,508,4022,8.099999904632561,316
4388161847,5/8/2016,17298,14.3800001144409,9.89000034332275,0.0,107,576,3934,4.49000000953675,216
4388161847,5/9/2016,10218,7.8600001335144,0.340000003576279,0.0,6,1020,3013,7.519999980926516,277
4388161847,5/10/2016,10299,7.92000007629395,0.810000002384186,0.0,13,648,3061,7.110000014305112,281
4388161847,5/11/2016,10201,7.84000015258789,0.529999971389771,0.0,8,858,2954,7.320000231266022,274
4388161847,5/12/2016,3369,2.58999991416931,0.0,0.0,0,825,1623,2.58999991416931,108
4445114986,4/12/2016,3276,2.20000004768372,0.0,0.0,0,787,2113,2.20000004768372,196
4445114986,4/13/2016,2961,1.99000000953674,0.0,0.0,0,840,2095,1.99000000953674,194
4445114986,4/14/2016,3974,2.67000007629395,0.0,0.0,0,717,2194,2.67000007629395,231
4445114986,4/15/2016,7198,4.82999992370605,0.0,0.0,0,711,2496,4.82999992370605,350
4445114986,4/16/2016,3945,2.65000009536743,0.0,0.0,0,716,2180,2.65000009536743,225
4445114986,4/17/2016,2268,1.51999998092651,0.0,0.0,0,1219,1933,1.51999998092651,114
4445114986,4/18/2016,6155,4.23999977111816,2.0,0.0,25,1247,2248,2.24000003933907,168
4445114986,4/19/2016,2064,1.38999998569489,0.0,0.0,0,895,1954,1.38999998569489,121
4445114986,4/20/2016,2072,1.38999998569489,0.0,0.0,0,841,1974,1.38999998569489,137
4445114986,4/21/2016,3809,2.55999994277954,0.0,0.0,0,756,2150,2.53999996185303,215
4445114986,4/22/2016,6831,4.57999992370605,0.0,0.0,0,706,2432,4.57999992370605,317
4445114986,4/23/2016,4363,2.9300000667572,0.0,0.0,0,1239,2149,2.9300000667572,201
4445114986,4/24/2016,5002,3.35999989509583,0.0,0.0,0,1196,2247,3.35999989509583,244
4445114986,4/25/2016,3385,2.26999998092651,0.0,0.0,0,916,2070,2.26999998092651,179
4445114986,4/26/2016,6326,4.40999984741211,2.41000008583069,0.0,29,839,2291,2.0000000372529003,181
4445114986,4/27/2016,7243,5.03000020980835,2.61999988555908,0.0,32,839,2361,2.410000113770368,195
4445114986,4/28/2016,4493,3.00999999046326,0.0,0.0,0,762,2203,3.00999999046326,236
4445114986,4/29/2016,4676,3.14000010490417,0.0,0.0,0,1106,2196,3.13000011444092,226
4445114986,4/30/2016,6222,4.17999982833862,0.0,0.0,0,797,2363,4.17999982833862,290
4445114986,5/1/2016,5232,3.50999999046326,0.0,0.0,0,741,2246,3.50999999046326,240
4445114986,5/2/2016,6910,4.75,2.21000003814697,0.0,27,667,2336,2.5399999022483843,204
4445114986,5/3/2016,7502,5.17999982833862,2.48000001907349,0.0,30,725,2421,2.689999923110004,235
4445114986,5/4/2016,2923,1.96000003814697,0.0,0.0,0,897,2070,1.96000003814697,180
4445114986,5/5/2016,3800,2.54999995231628,0.119999997317791,0.0,2,734,2120,2.420000061392782,191
4445114986,5/6/2016,4514,3.02999997138977,0.0,0.0,0,809,2211,3.02999997138977,229
4445114986,5/7/2016,5183,3.58999991416931,2.13000011444092,0.0,26,866,2123,1.439999997615814,112
4445114986,5/8/2016,7303,4.90000009536743,0.0,0.0,0,733,2423,4.90000009536743,316
4445114986,5/9/2016,5275,3.53999996185303,0.0,0.0,0,641,2281,3.53999996185303,266
4445114986,5/10/2016,3915,2.63000011444092,0.0,0.0,0,783,2181,2.63000011444092,231
4445114986,5/11/2016,9105,6.1100001335144,2.25,0.0,34,622,2499,3.85999989509583,254
4445114986,5/12/2016,768,0.519999980926514,0.0,0.0,0,380,1212,0.519999980926514,58
4558609924,4/12/2016,5135,3.39000010490417,0.0,0.0,0,1122,1909,3.39000010490417,318
4558609924,4/13/2016,4978,3.28999996185303,1.24000000953674,0.0,19,1287,1722,2.050000011920924,134
4558609924,4/14/2016,6799,4.48999977111816,0.0,0.0,0,1161,1922,4.48999977111816,279
4558609924,4/15/2016,7795,5.15000009536743,0.589999973773956,0.0,17,1131,2121,4.569999992847446,292
4558609924,4/16/2016,7289,4.82000017166138,0.550000011920929,0.0,8,1112,1997,4.25,320
4558609924,4/17/2016,9634,6.40000009536743,0.550000011920929,0.0,7,1110,2117,5.85000002384186,323
4558609924,4/18/2016,8940,5.90999984741211,0.980000019073486,0.0,14,1080,2116,4.930000007152557,346
4558609924,4/19/2016,5401,3.5699999332428,0.0500000007450581,0.0,1,1182,1876,3.520000100135805,257
4558609924,4/20/2016,4803,3.17000007629395,0.0,0.0,0,1218,1788,3.17000007629395,222
4558609924,4/21/2016,13743,9.07999992370605,0.419999986886978,0.0,6,844,2486,8.66999983787537,453
4558609924,4/22/2016,9601,6.34999990463257,1.37000000476837,0.0,20,1122,2094,4.9700000286102295,298
4558609924,4/23/2016,6890,4.55000019073486,0.340000003576279,0.0,5,1122,2085,4.210000231862073,313
4558609924,4/24/2016,8563,5.65999984741211,0.0,0.0,0,1045,2173,5.65000009536743,395
4558609924,4/25/2016,8095,5.34999990463257,0.589999973773956,0.0,18,993,2225,4.76000022888184,350
4558609924,4/26/2016,9148,6.05000019073486,0.430000007152557,0.0,12,1062,2223,5.61999988555908,324
4558609924,4/27/2016,9557,6.32000017166138,1.96000003814697,0.0,27,1087,2098,4.350000023841855,326
4558609924,4/28/2016,9451,6.25,0.0199999995529652,0.0,1,985,2185,6.219999819993976,378
4558609924,4/29/2016,7833,5.17999982833862,1.01999998092651,0.0,15,1096,1918,4.1599999666214,226
4558609924,4/30/2016,10319,6.82000017166138,0.469999998807907,0.0,7,1111,2105,6.35000002384186,322
4558609924,5/1/2016,3428,2.26999998092651,0.0,0.0,0,1121,1692,2.26999998092651,190
4558609924,5/2/2016,7891,5.21999979019165,0.0,0.0,0,1057,2066,5.21999979019165,383
4558609924,5/3/2016,5267,3.48000001907349,0.600000023841858,0.0,21,1172,1953,2.879999905824663,247
4558609924,5/4/2016,5232,3.46000003814697,0.0,0.0,0,1188,1842,3.46000003814697,252
4558609924,5/5/2016,10611,7.01000022888184,1.00999999046326,0.0,14,1048,2262,6.01000022888184,378
4558609924,5/6/2016,3755,2.48000001907349,0.0,0.0,0,1238,1722,2.48000001907349,202
4558609924,5/7/2016,8237,5.44000005722046,1.61000001430511,0.0,23,1116,1973,3.82999992370605,249
4558609924,5/8/2016,6543,4.32999992370605,1.79999995231628,0.0,66,1019,2666,2.51999998092651,273
4558609924,5/9/2016,11451,7.57000017166138,0.430000007152557,0.0,6,1065,2223,7.13999998569488,369
4558609924,5/10/2016,6435,4.25,0.740000009536743,0.0,11,1191,1889,3.51000010967254,238
4558609924,5/11/2016,9108,6.01999998092651,0.259999990463257,0.0,4,1081,2131,5.76000010967255,355
4558609924,5/12/2016,6307,4.17000007629395,0.0,0.0,0,736,1452,4.17000007629395,247
4702921684,4/12/2016,7213,5.88000011444092,0.0,0.0,0,718,2947,5.84999990463257,263
4702921684,4/13/2016,6877,5.57999992370605,0.0,0.0,0,777,2898,5.57999992370605,258
4702921684,4/14/2016,7860,6.36999988555908,0.0,0.0,0,772,2984,6.36999988555908,271
4702921684,4/15/2016,6506,5.28000020980835,0.0700000002980232,0.0,1,944,2896,5.209999948740008,264
4702921684,4/16/2016,11140,9.02999973297119,0.239999994635582,0.0,3,556,3328,8.789999961853031,359
4702921684,4/17/2016,12692,10.289999961853,0.959999978542328,0.0,12,437,3394,9.34000015258789,368
4702921684,4/18/2016,9105,7.38000011444092,1.82000005245209,0.0,22,890,3013,5.56000018119812,221
4702921684,4/19/2016,6708,5.44000005722046,0.879999995231628,0.0,10,757,2812,4.560000061988832,187
4702921684,4/20/2016,8793,7.13000011444092,0.159999996423721,0.0,2,717,3061,6.96000003814698,289
4702921684,4/21/2016,6530,5.30000019073486,0.310000002384186,0.0,4,901,2729,4.99000000953674,185
4702921684,4/22/2016,1664,1.35000002384186,0.0,0.0,0,1341,2241,1.35000002384186,72
4702921684,4/23/2016,15126,12.2700004577637,0.759999990463257,0.0,9,469,3691,11.51000046730041,474
4702921684,4/24/2016,15050,12.2200002670288,1.20000004768372,0.0,15,542,3538,11.0,376
4702921684,4/25/2016,9167,7.42999982833862,0.490000009536743,0.0,6,730,3064,6.9300001263618425,285
4702921684,4/26/2016,6108,4.94999980926514,0.0700000002980232,0.0,1,765,2784,4.889999955892566,224
4702921684,4/27/2016,7047,5.71999979019165,0.0900000035762787,0.0,1,733,2908,5.580000221729279,254
4702921684,4/28/2016,9023,7.32000017166138,1.12999999523163,0.0,14,738,3033,6.189999967813488,241
4702921684,4/29/2016,9930,8.05000019073486,1.05999994277954,0.0,12,692,3165,6.990000188350681,286
4702921684,4/30/2016,10144,8.22999954223633,0.319999992847443,0.0,4,728,3115,7.91000008583069,299
4702921684,5/1/2016,0,0.0,0.0,0.0,0,1440,2017,0.0,0
4702921684,5/2/2016,7245,5.92000007629395,0.379999995231628,0.0,5,1131,2859,5.5,235
4702921684,5/3/2016,9454,7.67000007629395,0.0,0.0,0,729,3145,7.67000007629395,313
4702921684,5/4/2016,8161,6.61999988555908,0.340000003576279,0.0,4,757,3004,6.269999980926516,266
4702921684,5/5/2016,8614,6.98999977111816,0.670000016689301,0.0,8,745,3006,6.310000151395797,246
4702921684,5/6/2016,6943,5.63000011444092,0.0799999982118607,0.0,1,682,2859,5.529999911785124,223
4702921684,5/7/2016,14370,11.6499996185303,0.370000004768372,0.0,5,577,3683,11.28000020980835,485
4702921684,5/8/2016,12857,10.4300003051758,0.680000007152557,0.0,9,1019,3287,9.75,317
4702921684,5/9/2016,8232,6.67999982833862,0.0,0.0,0,746,2990,6.669999897480013,265
4702921684,5/10/2016,10613,8.60999965667725,0.0799999982118607,0.0,1,701,3172,8.53000009059906,299
4702921684,5/11/2016,9810,7.96000003814697,0.779999971389771,0.0,10,784,3069,7.14000010490418,276
4702921684,5/12/2016,2752,2.23000001907349,0.0,0.0,0,241,1240,2.23000001907349,68
5553957443,4/12/2016,11596,7.57000017166138,1.37000000476837,0.0,19,767,2026,6.199999868869782,290
5553957443,4/13/2016,4832,3.16000008583069,0.0,0.0,0,647,1718,3.16000008583069,226
5553957443,4/14/2016,17022,11.1199998855591,4.0,0.0,61,693,2324,7.12000012397767,297
5553957443,4/15/2016,16556,10.8599996566772,4.15999984741211,0.0,58,689,2254,6.69000005722046,277
5553957443,4/16/2016,5771,3.76999998092651,0.0,0.0,0,521,1831,3.76999998092651,288
5553957443,4/17/2016,655,0.430000007152557,0.0,0.0,0,943,1397,0.430000007152557,46
5553957443,4/18/2016,3727,2.4300000667572,0.0,0.0,0,622,1683,2.4300000667572,206
5553957443,4/19/2016,15482,10.1099996566772,4.28000020980835,0.0,69,756,2284,5.83999979496002,277
5553957443,4/20/2016,2713,1.76999998092651,0.0,0.0,0,598,1570,1.76999998092651,148
5553957443,4/21/2016,12346,8.0600004196167,2.95000004768372,0.0,47,801,2066,5.120000123977659,219
5553957443,4/22/2016,11682,7.63000011444092,1.37999999523163,0.0,25,781,2105,6.2299998998641986,286
5553957443,4/23/2016,4112,2.69000005722046,0.0,0.0,0,443,1776,2.6800000667572,272
5553957443,4/24/2016,1807,1.17999994754791,0.0,0.0,0,582,1507,1.17999994754791,104
5553957443,4/25/2016,10946,7.19000005722046,2.9300000667572,0.0,51,732,2033,4.2600000500679025,212
5553957443,4/26/2016,11886,7.76000022888184,2.36999988555908,0.0,40,750,2093,5.390000045299527,256
5553957443,4/27/2016,10538,6.88000011444092,1.13999998569489,0.0,16,745,1922,5.73999977111816,222
5553957443,4/28/2016,11393,7.63000011444092,3.71000003814697,0.0,49,727,1999,3.92000007629395,178
5553957443,4/29/2016,12764,8.32999992370605,2.78999996185303,0.0,46,709,2169,5.5499998331069955,285
5553957443,4/30/2016,1202,0.779999971389771,0.0,0.0,0,506,1463,0.779999971389771,84
5553957443,5/1/2016,5164,3.36999988555908,0.0,0.0,0,436,1747,3.36999988555908,237
5553957443,5/2/2016,9769,6.38000011444092,1.05999994277954,0.0,23,724,1996,5.310000091791151,236
5553957443,5/3/2016,12848,8.39000034332275,1.5,0.0,26,812,2116,6.879999876022341,276
5553957443,5/4/2016,4249,2.76999998092651,0.0,0.0,0,651,1698,2.76999998092651,224
5553957443,5/5/2016,14331,9.51000022888184,3.4300000667572,0.0,44,692,2156,6.08999979496002,270
5553957443,5/6/2016,9632,6.28999996185303,1.51999998092651,0.0,21,761,1916,4.770000040531162,238
5553957443,5/7/2016,1868,1.22000002861023,0.0,0.0,0,902,1494,1.22000002861023,96
5553957443,5/8/2016,6083,4.0,0.219999998807907,0.0,3,505,1762,3.7699999511241873,218
5553957443,5/9/2016,11611,7.57999992370605,2.13000011444092,0.0,59,667,2272,5.449999928474425,273
5553957443,5/10/2016,16358,10.710000038147,3.86999988555908,0.0,61,707,2335,6.809999823570251,305
5553957443,5/11/2016,4926,3.22000002861023,0.0,0.0,0,628,1693,3.22000002861023,195
5553957443,5/12/2016,3121,2.03999996185303,0.579999983310699,0.0,8,222,741,1.459999948740004,54
5577150313,4/12/2016,8135,6.07999992370605,3.59999990463257,0.0,86,728,3405,2.479999899864198,156
5577150313,4/13/2016,5077,3.78999996185303,0.319999992847443,0.0,15,776,2551,3.469999998807907,155
5577150313,4/14/2016,8596,6.42000007629395,3.32999992370605,0.0,118,662,4022,3.0899999737739563,206
5577150313,4/15/2016,12087,9.07999992370605,3.92000007629395,0.0,115,695,4005,5.1599999666214,253
5577150313,4/16/2016,14269,10.6599998474121,6.6399998664856,0.0,184,472,4274,4.00999999046326,214
5577150313,4/17/2016,12231,9.14000034332275,5.98000001907349,0.0,200,525,4552,3.149999916553499,196
5577150313,4/18/2016,9893,7.3899998664856,4.8600001335144,0.0,114,623,3625,2.540000081062319,162
5577150313,4/19/2016,12574,9.42000007629395,7.01999998092651,0.0,108,733,3501,2.3999999761581448,134
5577150313,4/20/2016,8330,6.21999979019165,4.11999988555908,0.0,87,773,3192,2.099999994039539,129
5577150313,4/21/2016,10830,8.09000015258789,3.65000009536743,0.0,110,670,4018,4.43999993801117,249
5577150313,4/22/2016,9172,6.84999990463257,2.42000007629395,0.0,62,823,3329,4.089999973773952,230
5577150313,4/23/2016,7638,5.71000003814697,1.21000003814697,0.0,24,627,3152,4.499999880790715,247
5577150313,4/24/2016,15764,11.7799997329712,7.65000009536743,0.0,210,425,4392,4.13000011444092,206
5577150313,4/25/2016,6393,4.78000020980835,1.35000002384186,0.0,61,743,3374,3.430000007152561,252
5577150313,4/26/2016,5325,3.98000001907349,0.850000023841858,0.0,38,759,3088,3.120000004768372,213
5577150313,4/27/2016,6805,5.1399998664856,1.80999994277954,0.0,63,773,3294,3.330000072717664,206
5577150313,4/28/2016,9841,7.42999982833862,3.25,0.0,99,692,3580,4.17999994754792,192
5577150313,4/29/2016,7924,5.92000007629395,2.83999991416931,0.0,97,739,3544,3.080000042915345,201
5577150313,4/30/2016,12363,9.23999977111816,5.82999992370605,0.0,207,621,4501,3.399999916553502,208
5577150313,5/1/2016,13368,9.98999977111816,5.30999994277954,0.0,194,499,4546,4.6800000667572,250
5577150313,5/2/2016,7439,5.55999994277954,1.12000000476837,0.0,37,732,3014,4.420000165700916,255
5577150313,5/3/2016,11045,8.25,4.51999998092651,0.0,97,580,3795,3.719999939203264,220
5577150313,5/4/2016,5206,3.89000010490417,1.55999994277954,0.0,25,631,2755,2.32999992370605,150
5577150313,5/5/2016,7550,5.6399998664856,2.5,0.0,45,1153,3004,3.1400000751018573,164
5577150313,5/6/2016,4950,3.70000004768372,1.92999994754791,0.0,41,1304,2643,1.770000040531163,95
5577150313,5/7/2016,0,0.0,0.0,0.0,0,1440,1819,0.0,0
5577150313,5/8/2016,0,0.0,0.0,0.0,0,1440,1819,0.0,0
5577150313,5/9/2016,3421,2.55999994277954,1.42999994754791,0.0,34,1099,2489,1.1300000101327892,81
5577150313,5/10/2016,8869,6.65000009536743,2.55999994277954,0.0,104,639,3841,4.09999990463257,231
5577150313,5/11/2016,4038,3.03999996185303,1.83000004291534,0.0,45,257,1665,1.189999997615814,78
6117666160,4/12/2016,0,0.0,0.0,0.0,0,1440,1496,0.0,0
6117666160,4/13/2016,0,0.0,0.0,0.0,0,1440,1496,0.0,0
6117666160,4/14/2016,0,0.0,0.0,0.0,0,1440,1496,0.0,0
6117666160,4/15/2016,14019,10.5900001525879,0.0,0.0,0,921,2865,10.580000191926993,519
6117666160,4/16/2016,14450,10.9099998474121,0.579999983310699,0.0,7,502,2828,10.329999566078188,533
6117666160,4/17/2016,7150,5.40000009536743,0.0,0.0,0,702,2225,5.40000009536743,312
6117666160,4/18/2016,5153,3.91000008583069,0.0,0.0,0,759,2018,3.89000010490417,241
6117666160,4/19/2016,11135,8.40999984741211,0.0,0.0,0,425,2606,8.40999984741211,480
6117666160,4/20/2016,10449,8.02000045776367,2.02999997138977,0.0,26,587,2536,5.999999970197674,359
6117666160,4/21/2016,19542,15.0100002288818,0.980000019073486,0.0,11,579,4900,6.019999891519544,313
6117666160,4/22/2016,8206,6.19999980926514,0.0,0.0,0,413,2409,6.19999980926514,402
6117666160,4/23/2016,11495,8.68000030517578,0.0,0.0,0,468,2651,8.68000030517578,512
6117666160,4/24/2016,7623,5.76000022888184,0.0,0.0,0,711,2305,5.76000022888184,362
6117666160,4/25/2016,0,0.0,0.0,0.0,0,1440,1497,0.0,0
6117666160,4/26/2016,9543,7.21000003814697,0.0,0.0,0,1077,2450,7.209999889135359,359
6117666160,4/27/2016,9411,7.1100001335144,0.0,0.0,0,417,2576,7.1100001335144,458
6117666160,4/28/2016,3403,2.59999990463257,0.0,0.0,0,758,1879,2.59999990463257,141
6117666160,4/29/2016,9592,7.23999977111816,0.0,0.0,0,479,2560,7.23999977111816,461
6117666160,4/30/2016,6987,5.28000020980835,0.0,0.0,0,1040,2275,5.28000020980835,343
6117666160,5/1/2016,8915,6.73000001907349,0.0,0.0,0,525,2361,6.73000001907349,397
6117666160,5/2/2016,4933,3.73000001907349,0.0,0.0,0,1204,2044,3.73000001907349,236
6117666160,5/3/2016,0,0.0,0.0,0.0,0,1440,1496,0.0,0
6117666160,5/4/2016,2997,2.25999999046326,0.0,0.0,0,1279,1902,2.25999999046326,156
6117666160,5/5/2016,9799,7.40000009536743,0.0,0.0,0,479,2636,7.40000009536743,487
6117666160,5/6/2016,3365,2.6800000667572,0.0,0.0,0,673,1838,2.6800000667572,133
6117666160,5/7/2016,7336,5.53999996185303,0.0,0.0,0,456,2469,5.53999996185303,412
6117666160,5/8/2016,7328,5.53000020980835,0.0,0.0,0,517,2250,5.53000020980835,318
6117666160,5/9/2016,4477,3.38000011444092,0.0,0.0,0,125,1248,3.38000011444092,197
6290855005,4/12/2016,4562,3.45000004768372,0.0,0.0,0,1241,2560,3.45000004768372,199
6290855005,4/13/2016,7142,5.40000009536743,0.0,0.0099999997764825,0,1090,2905,5.3899998664856,350
6290855005,4/14/2016,7671,5.80000019073486,0.0,0.0299999993294477,0,1077,2952,5.76999998092651,363
6290855005,4/15/2016,9501,7.17999982833862,0.0,0.0099999997764825,0,1112,2896,7.17000007629395,328
6290855005,4/16/2016,8301,6.28000020980835,0.0,0.0099999997764825,0,1182,2783,6.26999998092651,258
6290855005,4/17/2016,7851,5.94000005722046,1.13999998569489,0.0,31,1172,3171,4.790000021457672,237
6290855005,4/18/2016,6885,5.21000003814697,0.0,0.0199999995529652,0,1169,2766,5.19000005722046,271
6290855005,4/19/2016,7142,5.40000009536743,0.0,0.0099999997764825,0,1119,2839,5.3899998664856,321
6290855005,4/20/2016,6361,4.80999994277954,0.0,0.0099999997764825,0,1182,2701,4.80000019073486,258
6290855005,4/21/2016,0,0.0,0.0,0.0,0,1440,2060,0.0,0
6290855005,4/22/2016,6238,4.71999979019165,0.0,0.0,0,1138,2796,4.71999979019165,302
6290855005,4/23/2016,0,0.0,0.0,0.0,33,1407,2664,0.0,0
6290855005,4/24/2016,5896,4.46000003814697,0.0,0.0,0,1182,2703,4.46000003814697,258
6290855005,4/25/2016,7802,5.90000009536743,0.680000007152557,0.0099999997764825,8,1180,2771,5.210000216960907,252
6290855005,4/26/2016,0,0.0,0.0,0.0,0,1440,2060,0.0,0
6290855005,4/27/2016,5565,4.21000003814697,0.0,0.0299999993294477,0,1153,2743,4.17999982833862,287
6290855005,4/28/2016,5731,4.32999992370605,0.0,0.0,0,1185,2687,4.32999992370605,255
6290855005,4/29/2016,0,0.0,0.0,0.0,0,1440,2060,0.0,0
6290855005,4/30/2016,6744,5.09999990463257,0.0,0.0099999997764825,0,1116,2843,5.09000015258789,324
6290855005,5/1/2016,9837,7.44000005722046,0.660000026226044,0.0199999995529652,8,1055,3327,6.75,377
6290855005,5/2/2016,6781,5.13000011444092,0.0,0.0199999995529652,0,1172,2725,5.1100001335144,268
6290855005,5/3/2016,6047,4.57000017166138,0.0,0.0,0,1200,2671,4.57000017166138,240
6290855005,5/4/2016,5832,4.40999984741211,0.0,0.0099999997764825,0,1168,2718,4.40000009536743,272
6290855005,5/5/2016,6339,4.78999996185303,0.0,0.0,0,1201,2682,4.78999996185303,239
6290855005,5/6/2016,6116,4.61999988555908,0.0,0.0299999993294477,0,1135,2806,4.59000015258789,305
6290855005,5/7/2016,5510,4.17000007629395,0.0,0.0,0,1213,2613,4.15999984741211,227
6290855005,5/8/2016,7706,5.82999992370605,0.0,0.0,0,1189,2712,5.82000017166138,251
6290855005,5/9/2016,6277,4.75,0.0,0.0199999995529652,0,800,2175,4.73000001907349,264
6290855005,5/10/2016,0,0.0,0.0,0.0,0,1440,0,0.0,0
6775888955,4/12/2016,0,0.0,0.0,0.0,0,1440,1841,0.0,0
6775888955,4/13/2016,4053,2.91000008583069,1.11000001430511,0.0,17,1053,2400,1.800000011920929,103
6775888955,4/14/2016,5162,3.70000004768372,0.870000004768372,0.0,14,863,2507,2.830000042915345,129
6775888955,4/15/2016,1282,0.920000016689301,0.0,0.0,0,976,2127,0.920000016689301,58
6775888955,4/16/2016,4732,3.39000010490417,2.51999998092651,0.0,36,1377,2225,0.8700000010430815,27
6775888955,4/17/2016,2497,1.78999996185303,0.349999994039536,0.0,5,1392,2067,1.439999997615816,43
6775888955,4/18/2016,8294,5.94999980926514,2.0,0.0,30,1233,2798,3.9400000572204643,177
6775888955,4/19/2016,0,0.0,0.0,0.0,0,1440,1841,0.0,0
6775888955,4/20/2016,10771,7.71999979019165,3.76999998092651,0.0,70,1079,3727,3.96000003814697,291
6775888955,4/21/2016,0,0.0,0.0,0.0,0,1440,1841,0.0,0
6775888955,4/22/2016,637,0.46000000834465,0.0,0.0,0,1420,1922,0.46000000834465,20
6775888955,4/23/2016,0,0.0,0.0,0.0,0,1440,1841,0.0,0
6775888955,4/24/2016,2153,1.53999996185303,0.769999980926514,0.0,11,1400,2053,0.7700000107288361,29
6775888955,4/25/2016,6474,4.6399998664856,2.26999998092651,0.0,33,1302,2484,2.35999998450279,105
6775888955,4/26/2016,7091,5.26999998092651,3.48000001907349,0.0,42,1321,2584,1.600000023841858,77
6775888955,4/27/2016,0,0.0,0.0,0.0,0,1440,1841,0.0,0
6775888955,4/28/2016,703,0.5,0.0599999986588955,0.0,2,1410,1993,0.439999997615814,28
6775888955,4/29/2016,0,0.0,0.0,0.0,0,1440,1841,0.0,0
6775888955,4/30/2016,2503,1.78999996185303,0.159999996423721,0.0,3,1344,2280,1.6400000154972112,93
6775888955,5/1/2016,2487,1.77999997138977,0.479999989271164,0.0,9,1347,2319,1.300000011920929,84
6775888955,5/2/2016,0,0.0,0.0,0.0,0,1440,1841,0.0,0
6775888955,5/3/2016,9,0.0099999997764825,0.0,0.0,0,1439,1843,0.0099999997764825,1
6775888955,5/4/2016,0,0.0,0.0,0.0,0,1440,1841,0.0,0
6775888955,5/5/2016,0,0.0,0.0,0.0,0,1440,1841,0.0,0
6775888955,5/6/2016,4697,3.36999988555908,0.469999998807907,0.0,12,1318,2496,2.859999954700467,110
6775888955,5/7/2016,1967,1.4099999666214,0.129999995231628,0.0,2,551,1032,1.289999946951862,54
6962181067,4/12/2016,10199,6.73999977111816,3.40000009536743,0.0,50,796,1994,3.339999973773959,203
6962181067,4/13/2016,5652,3.74000000953674,0.569999992847443,0.0,8,548,1718,3.17000007629394,166
6962181067,4/14/2016,1551,1.02999997138977,0.0,0.0,0,862,1466,1.02999997138977,86
6962181067,4/15/2016,5563,3.6800000667572,0.0,0.0,0,837,1756,3.6800000667572,217
6962181067,4/16/2016,13217,8.73999977111816,3.66000008583069,0.0,50,741,2173,5.070000112056734,283
6962181067,4/17/2016,10145,6.71000003814697,0.330000013113022,0.0,5,634,2027,6.370000064373017,308
6962181067,4/18/2016,11404,7.53999996185303,0.829999983310699,0.0,13,689,2039,6.71000027656555,280
6962181067,4/19/2016,10742,7.09999990463257,2.09999990463257,0.0,35,659,2046,5.0,236
6962181067,4/20/2016,13928,9.55000019073486,4.28000020980835,0.0,48,639,2174,5.280000150203704,301
6962181067,4/21/2016,11835,9.71000003814697,3.99000000953674,0.109999999403954,53,708,2179,5.6099998950958305,241
6962181067,4/22/2016,10725,7.09000015258789,1.76999998092651,0.0,30,659,2086,5.31999993324279,273
6962181067,4/23/2016,20031,13.2399997711182,4.19999980926514,0.0,58,484,2571,9.039999961853031,388
6962181067,4/24/2016,5029,3.3199999332428,0.0,0.0,0,720,1705,3.3199999332428,199
6962181067,4/25/2016,13239,9.27000045776367,3.01999998092651,0.100000001490116,35,637,2194,6.13999998569488,313
6962181067,4/26/2016,10433,6.90000009536743,2.57999992370605,0.0,36,680,2012,4.320000082254408,261
6962181067,4/27/2016,10320,6.82000017166138,0.550000011920929,0.0,7,697,2034,6.26999998092651,317
6962181067,4/28/2016,12627,8.35000038146973,2.50999999046326,0.0,38,621,2182,5.830000147223472,296
6962181067,4/29/2016,10762,7.1100001335144,0.819999992847443,0.0,12,645,2254,6.289999932050704,384
6962181067,4/30/2016,10081,6.65999984741211,2.24000000953674,0.0,32,731,2002,4.4300000667572075,253
6962181067,5/1/2016,5454,3.60999989509583,0.0,0.0,0,722,1740,3.60999989509583,215
6962181067,5/2/2016,12912,8.53999996185303,1.20000004768372,0.0,18,655,2162,7.34000015258789,352
6962181067,5/3/2016,12109,8.11999988555908,1.74000000953674,0.0,21,654,2072,6.36999988555908,303
6962181067,5/4/2016,10147,6.71000003814697,0.469999998807907,0.0,15,683,2086,6.23000013828277,320
6962181067,5/5/2016,10524,6.96000003814697,0.990000009536743,0.0,14,591,2066,5.96999990940094,327
6962181067,5/6/2016,5908,3.91000008583069,0.0,0.0,0,717,1850,3.91000008583069,299
6962181067,5/7/2016,6815,4.5,0.0,0.0,0,745,1947,4.5,328
6962181067,5/8/2016,4188,2.76999998092651,0.0,0.0,0,709,1659,2.769999980926514,165
6962181067,5/9/2016,12342,8.72000026702881,3.90000009536743,0.0,43,607,2105,4.83000004291534,252
6962181067,5/10/2016,15448,10.210000038147,3.47000002861023,0.0,62,626,2361,6.73999977111816,309
6962181067,5/11/2016,6722,4.44000005722046,1.49000000953674,0.0,24,709,1855,2.9600000977516157,206
6962181067,5/12/2016,3587,2.36999988555908,0.0,0.0,0,127,928,2.35999989509583,113
7007744171,4/12/2016,14172,10.289999961853,4.5,0.0,53,1024,2937,5.789999842643738,363
7007744171,4/13/2016,12862,9.64999961853027,4.6100001335144,0.0,56,1101,2742,5.040000021457676,283
7007744171,4/14/2016,11179,8.23999977111816,2.95000004768372,0.0,34,1096,2668,5.300000041723249,310
7007744171,4/15/2016,5273,3.52999997138977,0.0,0.0,0,1238,2098,3.52999997138977,202
7007744171,4/16/2016,4631,3.09999990463257,0.0,0.0,0,1155,2076,3.09999990463257,203
7007744171,4/17/2016,8059,5.3899998664856,0.0,0.0,0,1135,2383,5.3899998664856,305
7007744171,4/18/2016,14816,10.9799995422363,3.78999996185303,0.0199999995529652,48,1077,2832,7.17000007629394,315
7007744171,4/19/2016,14194,10.4799995422363,4.40999984741211,0.0,53,1066,2812,6.069999933242797,321
7007744171,4/20/2016,15566,11.3100004196167,4.78999996185303,0.0,60,1000,3096,6.530000150203701,380
7007744171,4/21/2016,13744,9.1899995803833,2.15000009536743,0.0,30,1049,2763,7.04000008106232,361
7007744171,4/22/2016,15299,10.2399997711182,4.09999990463257,0.0,64,1065,2889,6.129999876022341,311
7007744171,4/23/2016,8093,5.40999984741211,0.129999995231628,0.0,2,1190,2284,5.28000009059906,248
7007744171,4/24/2016,11085,7.42000007629395,0.0,0.0,0,1021,2667,7.42000007629395,419
7007744171,4/25/2016,18229,13.3400001525879,4.30999994277954,0.0,51,986,3055,9.04000008106232,403
7007744171,4/26/2016,15090,10.1000003814697,0.930000007152557,0.0,16,978,2939,9.169999539852144,446
7007744171,4/27/2016,13541,10.2200002670288,4.26999998092651,0.0,50,1041,2830,5.949999988079074,349
7007744171,4/28/2016,15128,10.1199998855591,1.0900000333786,0.0,16,1007,2836,9.030000209808353,417
7007744171,4/29/2016,20067,14.3000001907349,4.30999994277954,0.0,55,961,3180,9.999999761581421,424
7007744171,4/30/2016,3761,2.51999998092651,0.0,0.0,0,1240,2051,2.51999998092651,200
7007744171,5/1/2016,5600,3.75,0.0,0.0,0,1142,2225,3.75,237
7007744171,5/2/2016,13041,9.18000030517578,4.6399998664856,0.0,64,1112,2642,4.52999991178512,264
7007744171,5/3/2016,14510,10.8699998855591,4.48000001907349,0.0,58,1021,2976,6.38000011444091,361
7007744171,5/4/2016,0,0.0,0.0,0.0,0,1440,1557,0.0,0
7007744171,5/5/2016,15010,11.1000003814697,4.32999992370605,0.0,53,1047,2933,6.76999998092652,340
7007744171,5/6/2016,11459,7.67000007629395,3.0,0.0,44,1136,2553,4.669999897480016,260
7007744171,5/7/2016,0,0.0,0.0,0.0,0,111,120,0.0,0
7086361926,4/12/2016,11317,8.40999984741211,5.26999998092651,0.0,59,745,2772,3.120000034570694,159
7086361926,4/13/2016,5813,3.61999988555908,0.560000002384186,0.0,31,744,2516,3.0499999076127993,181
7086361926,4/14/2016,9123,6.11999988555908,2.02999997138977,0.0,35,787,2734,3.9900000989437117,221
7086361926,4/15/2016,8585,5.67000007629395,2.03999996185303,0.0,30,864,2395,3.63999998569488,160
7086361926,4/16/2016,31,0.0099999997764825,0.0,0.0,0,1437,1635,0.0099999997764825,3
7086361926,4/17/2016,0,0.0,0.0,0.0,0,1440,1629,0.0,0
7086361926,4/18/2016,9827,6.71000003814697,3.17000007629395,0.0,61,1136,2743,3.52999997138977,165
7086361926,4/19/2016,10688,7.28999996185303,3.52999997138977,0.0,67,671,2944,3.7400000095367503,193
7086361926,4/20/2016,14365,10.6400003433228,7.6399998664856,0.0,87,797,2997,2.989999949932101,158
7086361926,4/21/2016,9469,6.17999982833862,1.36000001430511,0.0,19,758,2463,4.810000240802769,212
7086361926,4/22/2016,9753,6.53000020980835,2.86999988555908,0.0,58,762,2846,3.6400001049041792,212
7086361926,4/23/2016,2817,1.80999994277954,0.0,0.0,0,1350,1965,1.79999995231628,90
7086361926,4/24/2016,3520,2.16000008583069,0.0,0.0,0,566,2049,2.15000009536743,125
7086361926,4/25/2016,10091,6.82000017166138,3.75,0.0,69,706,2752,3.069999873638151,168
7086361926,4/26/2016,10387,7.07000017166138,4.15999984741211,0.0,70,726,2781,2.889999866485594,165
7086361926,4/27/2016,11107,8.34000015258789,5.63000011444092,0.0,55,829,2693,2.709999978542327,151
7086361926,4/28/2016,11584,7.80000019073486,2.78999996185303,0.0,54,810,2862,4.99999988079072,209
7086361926,4/29/2016,7881,4.94999980926514,0.490000009536743,0.0,24,1198,2616,4.449999988079071,218
7086361926,4/30/2016,14560,9.40999984741211,3.11999988555908,0.0,42,584,2995,6.27999973297119,325
7086361926,5/1/2016,12390,8.06999969482422,2.29999995231628,0.0,30,685,2730,5.749999880790712,273
7086361926,5/2/2016,10052,6.80999994277954,3.48000001907349,0.0,66,737,2754,3.320000112056734,165
7086361926,5/3/2016,10288,6.76000022888184,2.74000000953674,0.0,57,761,2754,4.010000109672548,188
7086361926,5/4/2016,10988,8.3100004196167,5.28000020980835,0.0,45,843,2655,3.020000092685221,147
7086361926,5/5/2016,8564,5.59999990463257,1.77999997138977,0.0,24,1253,2386,3.780000030994419,163
7086361926,5/6/2016,12461,8.38000011444092,3.8199999332428,0.0,84,834,2924,4.549999833106989,189
7086361926,5/7/2016,12827,8.47999954223633,1.46000003814697,0.0,20,621,2739,7.009999752044671,251
7086361926,5/8/2016,10677,7.09999990463257,2.30999994277954,0.0,32,695,2534,4.7799999713897705,174
7086361926,5/9/2016,13566,9.10999965667725,4.26000022888184,0.0,67,743,2960,4.829999923706049,221
7086361926,5/10/2016,14433,10.789999961853,7.1100001335144,0.0,72,1182,2800,3.6500000953674396,129
7086361926,5/11/2016,9572,6.51999998092651,2.89000010490417,0.0,57,757,2735,3.6200000047683796,168
7086361926,5/12/2016,3789,2.55999994277954,0.379999995231628,0.0,5,343,1199,2.1599999964237258,62
8053475328,4/12/2016,18060,14.1199998855591,11.6400003433228,0.0,116,1193,3186,2.489999890327455,131
8053475328,4/13/2016,16433,13.3500003814697,10.4300003051758,0.0,95,1177,3140,2.920000046491627,168
8053475328,4/14/2016,20159,15.9700002670288,12.3400001525879,0.0,119,1123,3411,3.569999888539319,198
8053475328,4/15/2016,20669,16.2399997711182,13.2600002288818,0.0,132,1142,3410,2.979999899864195,166
8053475328,4/16/2016,14549,11.1099996566772,9.35999965667725,0.0,96,1255,2867,1.7600000202655761,89
8053475328,4/17/2016,18827,13.6899995803833,9.23999977111816,0.0,111,1113,3213,4.440000116825098,216
8053475328,4/18/2016,17076,12.6599998474121,9.07999992370605,0.0,102,1137,3133,3.5799999088048953,201
8053475328,4/19/2016,15929,12.4799995422363,9.22000026702881,0.0,90,1152,3114,3.260000050067906,198
8053475328,4/20/2016,15108,12.1899995803833,9.57999992370605,0.0,89,695,3043,2.6100001186132453,163
8053475328,4/21/2016,16057,12.5100002288818,9.67000007629395,0.0,100,1164,3103,2.82999992370605,176
8053475328,4/22/2016,10520,8.28999996185303,6.26000022888184,0.0,60,1260,2655,2.030000001192094,120
8053475328,4/23/2016,22359,17.1900005340576,12.539999961853,0.0,125,741,3554,4.6499999761581385,237
8053475328,4/24/2016,22988,17.9500007629395,13.1300001144409,0.0,129,1096,3577,4.80999994277954,215
8053475328,4/25/2016,20500,15.6899995803833,11.3699998855591,0.0,118,1104,3403,4.31999990344048,218
8053475328,4/26/2016,12685,9.61999988555908,6.30999994277954,0.0,68,1182,2846,3.299999907612802,190
8053475328,4/27/2016,12422,9.81999969482422,6.46000003814697,0.0,60,1187,2852,3.360000073909757,193
8053475328,4/28/2016,15447,12.3999996185303,9.67000007629395,0.0,90,1188,3062,2.739999890327455,162
8053475328,4/29/2016,12315,9.64999961853027,6.17000007629395,0.0,58,1215,2794,3.4800000786781364,167
8053475328,4/30/2016,7135,5.59000015258789,2.99000000953674,0.0,27,1281,2408,2.5999999605119255,132
8053475328,5/1/2016,1170,0.850000023841858,0.0,0.0,0,1389,1886,0.850000023841858,51
8053475328,5/2/2016,1969,1.42999994754791,0.0,0.0,0,1345,1988,1.42999994754791,95
8053475328,5/3/2016,15484,11.8999996185303,8.39000034332275,0.0,87,1166,3023,3.519999921321867,187
8053475328,5/4/2016,14581,11.1499996185303,8.81999969482422,0.0,89,1220,2918,2.309999972581864,131
8053475328,5/5/2016,14990,11.5100002288818,8.85000038146973,0.0,93,1208,2950,2.660000026226041,139
8053475328,5/6/2016,13953,11.0,9.10000038146973,0.0,90,1245,2859,1.900000035762784,105
8053475328,5/7/2016,19769,15.6700000762939,12.4399995803833,0.0,121,1076,3331,3.229999899864198,168
8053475328,5/8/2016,22026,17.6499996185303,13.3999996185303,0.0,125,1073,3589,4.250000059604646,242
8053475328,5/9/2016,12465,9.38000011444092,6.11999988555908,0.0,66,1214,2765,3.260000050067903,160
8053475328,5/10/2016,14810,11.3599996566772,9.09000015258789,0.0,96,1219,2926,2.270000010728838,125
8053475328,5/11/2016,12209,9.39999961853027,6.07999992370605,0.0,60,1189,2809,3.319999963045123,191
8053475328,5/12/2016,4998,3.91000008583069,2.95000004768372,0.0,28,839,1505,0.959999993443489,43
8253242879,4/12/2016,9033,7.15999984741211,5.42999982833862,0.0,40,1244,2044,1.730000033974646,156
8253242879,4/13/2016,8053,6.09999990463257,4.17000007629395,0.0,35,1298,1935,1.9399999380111679,107
8253242879,4/14/2016,5234,3.46000003814697,1.92999994754791,0.0,29,1362,1705,1.530000030994415,49
8253242879,4/15/2016,2672,1.76999998092651,0.0,0.0,0,1335,1632,1.75999999046326,105
8253242879,4/16/2016,9256,6.1399998664856,0.430000007152557,0.0,6,1268,1880,5.7200000286102295,166
8253242879,4/17/2016,10204,7.90999984741211,5.42999982833862,0.0,41,1237,2112,2.479999929666514,162
8253242879,4/18/2016,5151,3.48000001907349,1.03999996185303,0.0,16,1278,1829,2.429999947547908,146
8253242879,4/19/2016,4212,2.77999997138977,0.0,0.0,0,1276,1763,2.77999997138977,164
8253242879,4/20/2016,6466,4.26999998092651,0.330000013113022,0.0099999997764825,5,1201,1931,3.929999887943273,234
8253242879,4/21/2016,11268,8.5600004196167,5.88000011444092,0.0,49,1199,2218,2.680000007152557,192
8253242879,4/22/2016,2824,1.87000000476837,0.0,0.0,0,1320,1651,1.87000000476837,120
8253242879,4/23/2016,9282,6.26000022888184,2.08999991416931,0.0,30,1193,2132,4.170000076293951,217
8253242879,4/24/2016,8905,7.13000011444092,5.59999990463257,0.0,41,1313,1976,1.530000030994414,86
8253242879,4/25/2016,6829,4.51000022888184,0.360000014305115,0.0,7,1261,1909,4.16000008583068,172
8253242879,4/26/2016,4562,3.03999996185303,1.17999994754791,0.0,19,1299,1813,1.860000014305113,122
8253242879,4/27/2016,10232,8.18000030517578,6.23999977111816,0.0,45,1286,2008,1.930000051856045,109
8253242879,4/28/2016,2718,1.79999995231628,0.670000016689301,0.0,11,1393,1580,1.11999997496605,36
8253242879,4/29/2016,6260,4.26000022888184,1.28999996185303,0.0,16,1257,1854,2.940000116825102,150
8253242879,4/30/2016,0,0.0,0.0,0.0,0,1440,0,0.0,0
8378563200,4/12/2016,7626,6.05000019073486,0.829999983310699,0.0,65,723,3635,5.209999978542328,171
8378563200,4/13/2016,12386,9.81999969482422,4.96000003814697,0.0,116,680,4079,4.860000014305112,183
8378563200,4/14/2016,13318,10.5600004196167,5.61999988555908,0.0,123,699,4163,4.94000005722046,195
8378563200,4/15/2016,14461,11.4700002670288,4.90999984741211,0.0,60,729,3666,6.559999823570251,213
8378563200,4/16/2016,11207,8.89000034332275,5.36999988555908,0.0,64,563,3363,3.51000010967255,163
8378563200,4/17/2016,2132,1.69000005722046,0.0,0.0,0,599,2572,1.69000005722046,93
8378563200,4/18/2016,13630,10.8100004196167,5.05000019073486,0.0,117,720,4157,5.759999811649326,184
8378563200,4/19/2016,13070,10.3599996566772,5.30000019073486,0.0,120,737,4092,5.059999823570248,173
8378563200,4/20/2016,9388,7.44000005722046,2.23000001907349,0.0,82,763,3787,5.220000207424164,177
8378563200,4/21/2016,15148,12.0100002288818,6.90000009536743,0.0,137,677,4236,5.109999954700473,161
8378563200,4/22/2016,12200,9.67000007629395,4.90999984741211,0.0,113,769,4044,4.769999802112577,171
8378563200,4/23/2016,5709,4.53000020980835,1.51999998092651,0.0,19,740,2908,3.000000000000004,146
8378563200,4/24/2016,3703,2.94000005722046,0.0,0.0,0,734,2741,2.94000005722046,135
8378563200,4/25/2016,12405,9.84000015258789,5.05000019073486,0.0,117,692,4005,4.790000081062322,157
8378563200,4/26/2016,16208,12.8500003814697,7.51000022888184,0.0,90,593,3763,5.340000092983251,179
8378563200,4/27/2016,7359,5.84000015258789,0.330000013113022,0.0,4,676,3061,5.509999930858608,196
8378563200,4/28/2016,5417,4.30000019073486,0.899999976158142,0.0,11,711,2884,3.400000095367433,149
8378563200,4/29/2016,6175,4.90000009536743,0.25,0.0,3,767,2982,4.629999995231625,179
8378563200,4/30/2016,2946,2.33999991416931,0.0,0.0,0,780,2660,2.33999991416931,121
8378563200,5/1/2016,11419,9.0600004196167,6.03000020980835,0.0,71,669,3369,3.030000030994416,137
8378563200,5/2/2016,6064,4.80999994277954,0.629999995231628,0.0,63,802,3491,4.18000023066998,146
8378563200,5/3/2016,8712,6.90999984741211,1.3400000333786,0.0,71,822,3784,5.55999994277954,215
8378563200,5/4/2016,7875,6.23999977111816,1.55999994277954,0.0,19,680,3110,4.689999818801883,177
8378563200,5/5/2016,8567,6.78999996185303,0.889999985694885,0.0,66,764,3783,5.899999767541881,217
8378563200,5/6/2016,7045,5.59000015258789,1.54999995231628,0.0,74,831,3644,4.0299999713897705,171
8378563200,5/7/2016,4468,3.53999996185303,0.0,0.0,0,851,2799,3.53999996185303,158
8378563200,5/8/2016,2943,2.32999992370605,0.0,0.0,0,621,2685,2.32999992370605,139
8378563200,5/9/2016,8382,6.65000009536743,1.26999998092651,0.0,71,772,3721,5.379999816417694,184
8378563200,5/10/2016,6582,5.21999979019165,0.660000026226044,0.0,63,840,3586,4.560000061988835,165
8378563200,5/11/2016,9143,7.25,1.38999998569489,0.0,72,763,3788,5.859999954700466,194
8378563200,5/12/2016,4561,3.61999988555908,0.649999976158142,0.0,8,433,1976,2.960000067949296,108
8583815059,4/12/2016,5014,3.91000008583069,0.0,0.0,0,1237,2650,3.9099999368190717,203
8583815059,4/13/2016,5571,4.34999990463257,0.150000005960464,0.0,2,1252,2654,4.200000047683719,186
8583815059,4/14/2016,3135,2.45000004768372,0.0,0.0,0,1306,2443,2.4300000667572,134
8583815059,4/15/2016,3430,2.6800000667572,0.0,0.0,0,1375,2505,0.899999976158142,65
8583815059,4/16/2016,5319,4.15000009536743,0.0,0.0,0,1440,2693,0.0,0
8583815059,4/17/2016,3008,2.34999990463257,0.0,0.0,0,1440,2439,0.0,0
8583815059,4/18/2016,3864,3.00999999046326,0.310000002384186,0.0,4,1309,2536,2.4099999666214,127
8583815059,4/19/2016,5697,4.44000005722046,0.529999971389771,0.0,7,1257,2668,3.920000046491624,176
8583815059,4/20/2016,5273,4.1100001335144,0.0,0.0,0,1246,2647,4.1099998950958305,194
8583815059,4/21/2016,8538,6.65999984741211,2.63000011444092,0.0,35,1229,2883,4.02999997138977,176
8583815059,4/22/2016,8687,6.78000020980835,0.28999999165535,0.0,4,1170,2944,6.49000000953674,266
8583815059,4/23/2016,9423,7.34999990463257,0.529999971389771,0.0,7,1151,3012,6.7799999713897705,282
8583815059,4/24/2016,8286,6.46000003814697,0.150000005960464,0.0,2,1188,2889,6.319999933242791,250
8583815059,4/25/2016,4503,3.50999999046326,1.47000002861023,0.0,18,1294,2547,2.049999937415122,128
8583815059,4/26/2016,10499,8.1899995803833,0.0700000002980232,0.0,1,1134,3093,8.10999989509582,305
8583815059,4/27/2016,12474,9.72999954223633,6.59999990463257,0.0,77,1229,3142,3.139999896287916,134
8583815059,4/28/2016,6174,4.82000017166138,0.0,0.0,0,1209,2757,4.80999994277955,231
8583815059,4/29/2016,15168,11.8299999237061,3.90000009536743,0.0,46,1069,3513,7.92000007629395,325
8583815059,4/30/2016,10085,7.86999988555908,0.150000005960464,0.0,2,1093,3164,7.70999979972839,345
8583815059,5/1/2016,4512,3.51999998092651,0.779999971389771,0.0,10,1311,2596,2.159999959170821,119
8583815059,5/2/2016,8469,6.6100001335144,0.0,0.0,0,1440,2894,0.0,0
8583815059,5/3/2016,12015,9.36999988555908,0.0,0.0,0,1440,3212,0.0,0
8583815059,5/4/2016,3588,2.79999995231628,0.0,0.0,0,1440,2516,0.0,0
8583815059,5/5/2016,12427,9.6899995803833,0.0,0.0,0,1370,3266,1.17999994754791,70
8583815059,5/6/2016,5843,4.55999994277954,0.140000000596046,0.0,2,1250,2683,4.42000007629395,188
8583815059,5/7/2016,6117,4.76999998092651,0.0,0.0,0,1190,2810,4.76999998092651,250
8583815059,5/8/2016,9217,7.19000005722046,0.219999998807907,0.0,3,1183,2940,6.9700000286102295,254
8583815059,5/9/2016,9877,7.69999980926514,5.76000022888184,0.0,66,1260,2947,1.9000000208616292,114
8583815059,5/10/2016,8240,6.42999982833862,0.689999997615814,0.0,9,1226,2846,5.73000001907349,205
8583815059,5/11/2016,8701,6.78999996185303,0.370000004768372,0.0,5,1106,2804,6.41000008583069,248
8583815059,5/12/2016,0,0.0,0.0,0.0,0,1440,0,0.0,0
8792009665,4/12/2016,2564,1.63999998569489,0.0,0.0,0,831,2044,1.63999998569489,116
8792009665,4/13/2016,1320,0.839999973773956,0.0,0.0,0,806,1934,0.839999973773956,82
8792009665,4/14/2016,1219,0.779999971389771,0.0,0.0,0,853,1963,0.779999971389771,84
8792009665,4/15/2016,2483,1.5900000333786,0.0,0.0,0,937,2009,1.5900000333786,126
8792009665,4/16/2016,244,0.159999996423721,0.0,0.0,0,1428,1721,0.159999996423721,12
8792009665,4/17/2016,0,0.0,0.0,0.0,0,1440,1688,0.0,0
8792009665,4/18/2016,0,0.0,0.0,0.0,0,1440,1688,0.0,0
8792009665,4/19/2016,0,0.0,0.0,0.0,0,1440,1688,0.0,0
8792009665,4/20/2016,3147,2.00999999046326,0.0,0.0,0,744,2188,2.020000010728833,149
8792009665,4/21/2016,144,0.0900000035762787,0.0,0.0,0,1431,1720,0.0900000035762787,9
8792009665,4/22/2016,4068,2.59999990463257,0.0500000007450581,0.0,1,817,2419,2.549999982118603,215
8792009665,4/23/2016,5245,3.35999989509583,0.159999996423721,0.0,8,795,2748,3.189999997615814,277
8792009665,4/24/2016,400,0.259999990463257,0.0399999991059303,0.0,3,1410,1799,0.2099999971687791,27
8792009665,4/25/2016,0,0.0,0.0,0.0,0,1440,1688,0.0,0
8792009665,4/26/2016,1321,0.850000023841858,0.0,0.0,0,1360,1928,0.850000023841858,80
8792009665,4/27/2016,1758,1.12999999523163,0.0,0.0,0,900,2067,1.12999999523163,112
8792009665,4/28/2016,6157,3.94000005722046,0.0,0.0,0,714,2780,3.94000005722046,310
8792009665,4/29/2016,8360,5.34999990463257,0.140000000596046,0.0,6,634,3101,5.209999829530713,394
8792009665,4/30/2016,7174,4.59000015258789,0.330000013113022,0.0,10,749,2896,4.270000100135805,321
8792009665,5/1/2016,1619,1.03999996185303,0.0,0.0,0,834,1962,1.03999996185303,79
8792009665,5/2/2016,1831,1.16999995708466,0.0,0.0,0,916,2015,1.16999995708466,101
8792009665,5/3/2016,2421,1.54999995231628,0.0,0.0,0,739,2297,1.54999995231628,156
8792009665,5/4/2016,2283,1.46000003814697,0.0,0.0,0,848,2067,1.46000003814697,129
8792009665,5/5/2016,0,0.0,0.0,0.0,0,1440,1688,0.0,0
8792009665,5/6/2016,0,0.0,0.0,0.0,0,1440,1688,0.0,0
8792009665,5/7/2016,0,0.0,0.0,0.0,0,1440,1688,0.0,0
8792009665,5/8/2016,0,0.0,0.0,0.0,0,1440,1688,0.0,0
8792009665,5/9/2016,0,0.0,0.0,0.0,0,1440,1688,0.0,0
8792009665,5/10/2016,0,0.0,0.0,0.0,0,48,57,0.0,0
8877689391,4/12/2016,23186,20.3999996185303,12.2200002670288,0.0,85,1036,3921,8.16000017523766,319
8877689391,4/13/2016,15337,9.57999992370605,3.54999995231628,0.0,108,1098,3566,6.019999861717228,234
8877689391,4/14/2016,21129,18.9799995422363,10.5500001907349,0.0199999995529652,68,1061,3793,8.339999973773956,311
8877689391,4/15/2016,13422,7.17000007629395,0.0500000007450581,0.0099999997764825,106,1052,3934,7.060000229626898,282
8877689391,4/16/2016,29326,25.2900009155273,13.2399997711182,0.0,94,888,4547,11.92000007629397,458
8877689391,4/17/2016,15118,8.86999988555908,0.0,0.0,58,1060,3545,8.859999962151052,322
8877689391,4/18/2016,11423,8.67000007629395,2.44000005722046,0.0,29,1215,2761,6.210000067949296,196
8877689391,4/19/2016,18785,17.3999996185303,12.1499996185303,0.0,82,1131,3676,5.210000216960907,227
8877689391,4/20/2016,19948,18.1100006103516,11.0200004577637,0.0,73,1123,3679,7.030000150203704,244
8877689391,4/21/2016,19377,17.6200008392334,12.289999961853,0.0,82,1119,3659,5.309999853372578,239
8877689391,4/22/2016,18258,16.3099994659424,10.2299995422363,0.0500000007450581,61,1141,3427,5.999999789521098,238
8877689391,4/23/2016,11200,7.42999982833862,0.0,0.0099999997764825,102,1032,3891,7.40000009536743,306
8877689391,4/24/2016,16674,15.7399997711182,11.0100002288818,0.0,64,1148,3455,4.7000000569969425,228
8877689391,4/25/2016,12986,8.73999977111816,2.36999988555908,0.0099999997764825,113,1101,3802,6.339999981224533,226
8877689391,4/26/2016,11101,8.43000030517578,1.75999999046326,0.0,22,1157,2860,6.629999995231628,261
8877689391,4/27/2016,23629,20.6499996185303,13.0699996948242,0.0,93,1104,3808,7.539999902248384,243
8877689391,4/28/2016,14890,11.3000001907349,4.92999982833862,0.0,58,1143,3060,6.349999785423279,239
8877689391,4/29/2016,9733,7.3899998664856,1.37999999523163,0.0,18,1207,2698,5.959999963641169,215
8877689391,4/30/2016,27745,26.7199993133545,21.6599998474121,0.0,124,1089,4398,5.009999826550481,227
8877689391,5/1/2016,10930,8.31999969482422,3.13000011444092,0.0,36,1226,2786,5.140000164508822,178
8877689391,5/2/2016,4790,3.64000010490417,0.0,0.0,0,1335,2189,3.55999994277954,105
8877689391,5/3/2016,10818,8.21000003814697,1.38999998569489,0.0099999997764825,19,1189,2817,6.770000077784066,232
8877689391,5/4/2016,18193,16.2999992370605,10.4200000762939,0.0,66,1154,3477,5.840000212192535,220
8877689391,5/5/2016,14055,10.6700000762939,5.46000003814697,0.0,67,1170,3052,5.189999878406523,203
8877689391,5/6/2016,21727,19.3400001525879,12.789999961853,0.0,96,1095,4015,6.44999983906746,249
8877689391,5/7/2016,12332,8.13000011444092,0.0799999982118607,0.0,105,1036,4142,7.9499997496604875,299
8877689391,5/8/2016,10686,8.10999965667725,1.08000004291534,0.0,17,1174,2847,7.000000193715092,249
8877689391,5/9/2016,20226,18.25,11.1000003814697,0.0500000007450581,73,1131,3710,7.039999783039089,236
8877689391,5/10/2016,10733,8.14999961853027,1.35000002384186,0.0,18,1187,2832,6.740000218153,235
8877689391,5/11/2016,21420,19.5599994659424,13.2200002670288,0.0,88,1127,3832,6.2999998629093215,225
8877689391,5/12/2016,8064,6.11999988555908,1.82000005245209,0.0,23,770,1849,4.28999999910593,138
