Id,ActivityDay,SedentaryMinutes,VeryActiveMinutes,SedentaryActiveDistance,VeryActiveDistance,MediumActiveDistance,MediumActiveMinutes
1503960366,4/12/2016,728,25,0.0,1.87999999523163,6.609999954700469,341
1503960366,4/13/2016,776,21,0.0,1.57000005245209,5.400000035762784,236
1503960366,4/14/2016,1218,30,0.0,2.44000005722046,4.310000091791154,192
1503960366,4/15/2016,726,29,0.0,2.14000010490417,4.08999991416931,243
1503960366,4/16/2016,773,36,0.0,2.71000003814697,5.449999958276751,231
1503960366,4/17/2016,539,38,0.0,3.19000005722046,3.289999961853031,184
1503960366,4/18/2016,1149,42,0.0,3.25,5.350000023841855,249
1503960366,4/19/2016,775,50,0.0,3.52999997138977,6.35000026226044,295
1503960366,4/20/2016,818,28,0.0,1.96000003814697,4.719999760389324,217
1503960366,4/21/2016,838,19,0.0,1.3400000333786,5.000000089406966,219
1503960366,4/22/2016,1217,66,0.0,4.76000022888184,3.3600000143051103,157
1503960366,4/23/2016,732,41,0.0,2.80999994277954,6.230000138282772,283
1503960366,4/24/2016,709,39,0.0,2.92000007629395,3.489999964833259,243
1503960366,4/25/2016,814,73,0.0,5.28999996185303,4.5100000500679025,230
1503960366,4/26/2016,833,31,0.0,2.32999992370605,6.459999978542331,302
1503960366,4/27/2016,1108,78,0.0,6.40000009536743,5.819999843835832,254
1503960366,4/28/2016,782,48,0.0,3.53999996185303,4.94999992847443,217
1503960366,4/29/2016,815,16,0.0,1.05999994277954,6.07999992370605,255
1503960366,4/30/2016,712,52,0.0,3.55999994277954,5.68999993801117,251
1503960366,5/1/2016,730,33,0.0,2.28999996185303,4.52000010013581,281
1503960366,5/2/2016,798,41,0.0,3.21000003814697,6.490000069141392,292
1503960366,5/3/2016,816,50,0.0,3.73000001907349,5.9300000667571995,278
1503960366,5/4/2016,1179,36,0.0,2.46000003814697,4.689999938011172,225
1503960366,5/5/2016,857,45,0.0,2.92000007629395,5.9600001573562595,274
1503960366,5/6/2016,754,24,0.0,1.97000002861023,6.05999994277954,295
1503960366,5/7/2016,833,37,0.0,2.46000003814697,5.25,221
1503960366,5/8/2016,574,44,0.0,3.52999997138977,3.050000011920933,211
1503960366,5/9/2016,835,46,0.0,3.45000004768372,4.269999980926511,217
1503960366,5/10/2016,746,46,0.0,3.34999990463257,4.41999995708466,245
1503960366,5/11/2016,669,36,0.0,2.55999994277954,5.56000018119812,274
1503960366,5/12/2016,1440,0,0.0,0.0,0.0,0
1624580081,4/12/2016,1294,0,0.0,0.0,5.30999994277954,146
1624580081,4/13/2016,1292,0,0.0,0.0,4.55000019073486,148
1624580081,4/14/2016,1204,0,0.0099999997764825,0.0,5.90999984741211,236
1624580081,4/15/2016,1344,0,0.0,0.0,0.970000028610229,96
1624580081,4/16/2016,1264,0,0.0,0.0,3.49000000953674,176
1624580081,4/17/2016,1276,15,0.0099999997764825,1.02999997138977,3.0099999904632497,149
1624580081,4/18/2016,1214,17,0.0099999997764825,2.15000009536743,5.239999890327452,209
1624580081,4/19/2016,1299,0,0.0,0.0,1.89999997615814,141
1624580081,4/20/2016,1289,0,0.0,0.0,3.23000001907349,151
1624580081,4/21/2016,1254,0,0.0199999995529652,0.0,4.1100001335144,186
1624580081,4/22/2016,1241,0,0.0,0.0,2.59999990463257,199
1624580081,4/23/2016,1213,0,0.0099999997764825,0.0,5.53999996185303,227
1624580081,4/24/2016,1221,16,0.0,1.14999997615814,2.800000011920934,203
1624580081,4/25/2016,1238,0,0.0199999995529652,0.0,4.19999980926514,202
1624580081,4/26/2016,1300,0,0.0099999997764825,0.0,1.83000004291534,140
1624580081,4/27/2016,1233,17,0.0,1.11000001430511,4.33000004291534,190
1624580081,4/28/2016,1320,0,0.0,0.0,1.800000026822092,120
1624580081,4/29/2016,1290,0,0.0,0.0,1.54999995231628,150
1624580081,4/30/2016,1182,11,0.0099999997764825,0.899999976158142,3.39999985694885,247
1624580081,5/1/2016,1020,186,0.0199999995529652,21.9200000762939,6.10000002384186,234
1624580081,5/2/2016,1261,7,0.0,0.860000014305115,4.060000002384186,172
1624580081,5/3/2016,1344,0,0.0199999995529652,0.0,1.3400000333786,96
1624580081,5/4/2016,1322,0,0.0,0.0,1.41999995708466,118
1624580081,5/5/2016,1323,0,0.0199999995529652,0.0,1.58000004291534,117
1624580081,5/6/2016,1338,0,0.0099999997764825,0.0,1.12000000476837,102
1624580081,5/7/2016,1258,0,0.0,0.0,1.37000000476837,182
1624580081,5/8/2016,1288,0,0.0,0.0,2.22000002861023,152
1624580081,5/9/2016,1349,0,0.0,0.0,1.12999999523163,91
1624580081,5/10/2016,1301,0,0.0099999997764825,0.0,1.91999995708466,139
1624580081,5/11/2016,1328,0,0.0,0.0,2.03999996185303,112
1624580081,5/12/2016,890,0,0.0099999997764825,0.0,1.91999995708466,107
1644430081,4/12/2016,1131,2,0.0,0.140000000596046,7.62999987602233,307
1644430081,4/13/2016,1259,30,0.0,2.27999997138977,3.540000081062312,151
1644430081,4/14/2016,1125,5,0.0,0.360000014305115,7.65999984741211,310
1644430081,4/15/2016,1263,3,0.0,0.219999998807907,3.600000053644184,174
1644430081,4/16/2016,1135,51,0.0,4.09999990463257,6.97000014781952,254
1644430081,4/17/2016,1212,29,0.0,2.25,4.119999945163723,199
1644430081,4/18/2016,1271,15,0.0,1.07000005245209,4.12000000476838,154
1644430081,4/19/2016,1099,5,0.0,0.360000014305115,7.83000016212463,336
1644430081,4/20/2016,1315,0,0.0099999997764825,0.0,1.75999999046326,125
1644430081,4/21/2016,1402,0,0.0099999997764825,0.0,0.879999995231628,38
1644430081,4/22/2016,1354,0,0.0099999997764825,0.0,2.66000008583069,86
1644430081,4/23/2016,1265,0,0.0,0.0,4.8299999833106995,175
1644430081,4/24/2016,1351,0,0.0,0.0,2.41000008583069,89
1644430081,4/25/2016,1337,8,0.0,0.589999973773956,2.0100000463426158,95
1644430081,4/26/2016,1165,11,0.0,0.800000011920929,6.41000008583069,264
1644430081,4/27/2016,1322,0,0.0,0.0,2.20000004768372,118
1644430081,4/28/2016,1157,3,0.0,0.200000002980232,6.629999876022341,280
1644430081,4/29/2016,1193,0,0.0,0.0,2.30999994277954,120
1644430081,4/30/2016,816,9,0.0,0.629999995231628,12.60000014305114,473
1644430081,5/1/2016,908,3,0.0,0.239999994635582,4.220000028610233,170
1644430081,5/2/2016,682,1,0.0,0.0700000002980232,2.659999907016756,155
1644430081,5/3/2016,1115,10,0.0,0.720000028610229,8.63000011444092,315
1644430081,5/4/2016,1388,0,0.0199999995529652,0.0,1.6599999666214,52
1644430081,5/5/2016,1341,6,0.0099999997764825,0.519999980926514,2.6700001358985923,93
1644430081,5/6/2016,1054,11,0.0199999995529652,0.819999992847443,6.280000239610676,375
1644430081,5/7/2016,1139,41,0.0099999997764825,3.25999999046326,6.460000097751622,260
1644430081,5/8/2016,991,0,0.0,0.0,4.88000011444092,295
1644430081,5/9/2016,1099,32,0.0099999997764825,2.39000010490417,2.439999908208846,309
1644430081,5/10/2016,1254,12,0.0099999997764825,0.879999995231628,5.779999792575836,174
1644430081,5/11/2016,713,0,0.0099999997764825,0.0,0.949999988079071,49
1844505072,4/12/2016,1101,0,0.0,0.0,4.42999982833862,339
1844505072,4/13/2016,1192,0,0.0,0.0,3.25999999046326,248
1844505072,4/14/2016,843,0,0.0,0.0,5.23000001907349,373
1844505072,4/15/2016,527,0,0.0,0.0,2.53999996185303,176
1844505072,4/16/2016,1293,0,0.0,0.0,2.25999999046326,147
1844505072,4/17/2016,1231,2,0.0,0.140000000596046,2.849999904632567,207
1844505072,4/18/2016,1211,0,0.0,0.0,3.039999932050704,229
1844505072,4/19/2016,1430,0,0.0,0.0,0.129999995231628,10
1844505072,4/20/2016,1439,0,0.0,0.0,0.0099999997764825,1
1844505072,4/21/2016,1117,2,0.0,0.119999997317791,5.199999809265134,321
1844505072,4/22/2016,1220,0,0.0,0.0,3.54999995231628,220
1844505072,4/23/2016,1301,0,0.0,0.0,2.35999989509583,139
1844505072,4/24/2016,1440,0,0.0,0.0,0.0,0
1844505072,4/25/2016,1440,0,0.0,0.0,0.0,0
1844505072,4/26/2016,1440,0,0.0,0.0,0.0,0
1844505072,4/27/2016,1439,0,0.0,0.0,0.0,1
1844505072,4/28/2016,1138,0,0.0,0.0,4.55999994277954,302
1844505072,4/29/2016,1082,0,0.0,0.0,3.25,247
1844505072,4/30/2016,218,0,0.0,0.0,2.65000009536743,184
1844505072,5/1/2016,585,0,0.0,0.0,1.710000038146977,82
1844505072,5/2/2016,1440,0,0.0,0.0,0.0,0
1844505072,5/3/2016,1256,0,0.0,0.0,2.6800000667572,184
1844505072,5/4/2016,1353,0,0.0,0.0,1.37000000476837,87
1844505072,5/5/2016,1320,0,0.0,0.0,1.48000001907349,120
1844505072,5/6/2016,1438,0,0.0,0.0,0.0299999993294477,2
1844505072,5/7/2016,1440,0,0.0,0.0,0.0,0
1844505072,5/8/2016,1440,0,0.0,0.0,0.0,0
1844505072,5/9/2016,1440,0,0.0,0.0,0.0,0
1844505072,5/10/2016,1440,0,0.0,0.0,0.0,0
1844505072,5/11/2016,1440,0,0.0,0.0,0.0,0
1844505072,5/12/2016,711,0,0.0,0.0,0.0,0
1927972279,4/12/2016,734,0,0.0,0.0,0.469999998807907,55
1927972279,4/13/2016,986,0,0.0,0.0,0.25,32
1927972279,4/14/2016,1292,0,0.0,0.0,1.500000029802324,97
1927972279,4/15/2016,941,0,0.0,0.0,0.680000007152557,51
1927972279,4/16/2016,1440,0,0.0,0.0,0.0,0
1927972279,4/17/2016,1440,0,0.0,0.0,0.0,0
1927972279,4/18/2016,1423,0,0.0,0.0,0.170000001788139,17
1927972279,4/19/2016,1440,0,0.0,0.0,0.0,0
1927972279,4/20/2016,1440,0,0.0,0.0,0.0,0
1927972279,4/21/2016,1440,0,0.0,0.0,0.0,0
1927972279,4/22/2016,1430,0,0.0,0.0,0.100000001490116,10
1927972279,4/23/2016,1295,0,0.0,0.0,2.03999996185303,145
1927972279,4/24/2016,1358,1,0.0,0.0700000002980232,1.3799999803304719,81
1927972279,4/25/2016,1303,0,0.0,0.0,0.109999999403954,12
1927972279,4/26/2016,1058,0,0.0,0.0,2.59999990463257,192
1927972279,4/27/2016,1440,0,0.0,0.0,0.0,0
1927972279,4/28/2016,1167,0,0.0,0.0,1.1599999666214,95
1927972279,4/29/2016,1440,0,0.0,0.0,0.0,0
1927972279,4/30/2016,1440,0,0.0,0.0,0.0,0
1927972279,5/1/2016,1355,14,0.0,1.00999999046326,0.8599999826401468,71
1927972279,5/2/2016,1322,16,0.0,1.1599999666214,1.459999978542329,102
1927972279,5/3/2016,1413,10,0.0,0.730000019073486,0.180000007152557,17
1927972279,5/4/2016,1353,0,0.0,0.0,1.24000000953674,87
1927972279,5/5/2016,1440,0,0.0,0.0,0.0,0
1927972279,5/6/2016,1332,0,0.0,0.0,1.45000004768372,108
1927972279,5/7/2016,1392,0,0.0,0.0,1.03999996185303,48
1927972279,5/8/2016,1440,0,0.0,0.0,0.0,0
1927972279,5/9/2016,1440,0,0.0,0.0,0.0,0
1927972279,5/10/2016,1440,0,0.0,0.0,0.0,0
1927972279,5/11/2016,1440,0,0.0,0.0,0.0,0
1927972279,5/12/2016,966,0,0.0,0.0,0.0,0
2022484408,4/12/2016,1157,42,0.0,3.30999994277954,5.030000209808354,241
2022484408,4/13/2016,1100,43,0.0,2.99000000953674,5.509999848902226,297
2022484408,4/14/2016,1148,32,0.0,2.48000001907349,5.030000165104869,260
2022484408,4/15/2016,1122,27,0.0,1.94000005722046,6.090000212192535,291
2022484408,4/16/2016,1237,41,0.0,3.15000009536743,3.940000116825099,162
2022484408,4/17/2016,1052,28,0.0,3.86999988555908,7.5400001406669634,360
2022484408,4/18/2016,1078,48,0.0,3.64000010490417,6.420000188052651,314
2022484408,4/19/2016,1152,31,0.0,3.28999996185303,5.239999994635582,257
2022484408,4/20/2016,1053,48,0.0,3.33999991416931,7.33000004291534,339
2022484408,4/21/2016,1028,104,0.0,3.32999992370605,5.41999995708465,308
2022484408,4/22/2016,1105,52,0.0,4.42999982833862,4.8899997770786285,283
2022484408,4/23/2016,1191,0,0.0,0.0,4.21000003814697,249
2022484408,4/24/2016,1161,37,0.0,4.55000019073486,5.729999899864191,242
2022484408,4/25/2016,1171,44,0.0,3.32999992370605,4.680000036954877,225
2022484408,4/26/2016,1086,55,0.0,1.42999994754791,5.770000159740444,299
2022484408,4/27/2016,1119,19,0.0,1.03999996185303,6.08999991416931,302
2022484408,4/28/2016,1123,6,0.0,0.409999996423721,6.71999990940094,311
2022484408,4/29/2016,1098,21,0.0,0.479999989271164,6.71000003814697,321
2022484408,4/30/2016,1043,13,0.0,0.939999997615814,11.96999967098234,384
2022484408,5/1/2016,1142,25,0.0,1.94000005722046,5.459999978542328,273
2022484408,5/2/2016,1119,36,0.0,2.60999989509583,4.669999927282329,285
2022484408,5/3/2016,1104,72,0.0,3.99000000953674,4.740000218153,264
2022484408,5/4/2016,1105,36,0.0,2.50999999046326,5.7799999117851275,299
2022484408,5/5/2016,1112,55,0.0,2.78999996185303,5.559999823570255,273
2022484408,5/6/2016,1104,24,0.0,1.87000000476837,5.309999883174902,312
2022484408,5/7/2016,1269,20,0.0,1.61000001430511,3.0999999791383708,151
2022484408,5/8/2016,1305,0,0.0,0.0,2.30999994277954,135
2022484408,5/9/2016,1061,35,0.0,2.11999988555908,7.26999986171723,344
2022484408,5/10/2016,1084,57,0.0,2.22000002861023,6.76999998092651,299
2022484408,5/11/2016,1133,58,0.0,4.17999982833862,5.13999998569488,249
2022484408,5/12/2016,728,16,0.0,1.27999997138977,5.110000073909761,252
2026352035,4/12/2016,706,3,0.0,0.189999997615814,2.550000041723256,189
2026352035,4/13/2016,663,0,0.0,0.0,3.09999990463257,238
2026352035,4/14/2016,653,0,0.0,0.0,2.04999995231628,197
2026352035,4/15/2016,687,0,0.0,0.0,2.36999988555908,188
2026352035,4/16/2016,728,0,0.0,0.0,1.58000004291534,150
2026352035,4/17/2016,1053,0,0.0,0.0,0.519999980926514,60
2026352035,4/18/2016,1062,0,0.0,0.0,2.05999994277954,182
2026352035,4/19/2016,785,0,0.0,0.0,1.5,141
2026352035,4/20/2016,623,0,0.0,0.0,4.48000001907349,327
2026352035,4/21/2016,749,0,0.0,0.0,1.52999997138977,153
2026352035,4/22/2016,712,0,0.0,0.0,1.80999994277954,162
2026352035,4/23/2016,458,0,0.0,0.0,7.71000003814697,432
2026352035,4/24/2016,704,0,0.0,0.0,2.16000008583069,164
2026352035,4/25/2016,821,0,0.0,0.0,3.73000001907349,260
2026352035,4/26/2016,1018,0,0.0,0.0,3.6800000667572,288
2026352035,4/27/2016,586,0,0.0,0.0,3.76999998092651,286
2026352035,4/28/2016,626,0,0.0,0.0,3.95000004768372,331
2026352035,4/29/2016,492,0,0.0,0.0,4.71000003814697,352
2026352035,4/30/2016,594,0,0.0,0.0,2.9300000667572,233
2026352035,5/1/2016,716,0,0.0,0.0,2.27999997138977,191
2026352035,5/2/2016,716,0,0.0,0.0,4.34999990463257,355
2026352035,5/3/2016,981,0,0.0,0.0,3.72000002861023,304
2026352035,5/4/2016,530,0,0.0,0.0,4.07000017166138,345
2026352035,5/5/2016,479,0,0.0,0.0,7.53999996185303,475
2026352035,5/6/2016,511,0,0.0,0.0,5.07999992370605,383
2026352035,5/7/2016,665,0,0.0,0.0,2.59999990463257,229
2026352035,5/8/2016,610,0,0.0,0.0,3.45000004768372,258
2026352035,5/9/2016,543,0,0.0,0.0,6.59999990463257,401
2026352035,5/10/2016,1002,0,0.0,0.0,0.159999996423721,17
2026352035,5/11/2016,569,0,0.0,0.0,5.32000017166138,330
2026352035,5/12/2016,330,0,0.0,0.0,5.51000022888184,343
2320127002,4/12/2016,1112,13,0.0,1.16999995708466,6.320000231266026,315
2320127002,4/13/2016,1105,0,0.0,0.0,4.90000009536743,335
2320127002,4/14/2016,1249,0,0.0,0.0,2.6800000667572,191
2320127002,4/15/2016,1195,0,0.0,0.0,3.50999999046326,245
2320127002,4/16/2016,1245,0,0.0,0.0,3.40000009536743,195
2320127002,4/17/2016,1191,0,0.0,0.0,4.17999982833862,249
2320127002,4/18/2016,1173,0,0.0,0.0,4.399999856948857,267
2320127002,4/19/2016,1201,0,0.0,0.0,4.040000081062318,239
2320127002,4/20/2016,1146,0,0.0,0.0,4.830000162124633,294
2320127002,4/21/2016,1302,1,0.0,0.0599999986588955,2.229999929666518,137
2320127002,4/22/2016,1174,0,0.0,0.0,3.75999999046326,266
2320127002,4/23/2016,1129,0,0.0,0.0,3.42000007629395,242
2320127002,4/24/2016,1236,0,0.0,0.0,2.79999995231628,204
2320127002,4/25/2016,1280,3,0.0,0.230000004172325,2.190000012516972,157
2320127002,4/26/2016,1293,0,0.0,0.0,2.29999995231628,147
2320127002,4/27/2016,1358,0,0.0,0.0,1.1599999666214,82
2320127002,4/28/2016,1364,0,0.0,0.0,1.02999997138977,76
2320127002,4/29/2016,1395,0,0.0,0.0,0.620000004768372,45
2320127002,4/30/2016,1206,0,0.0,0.0,3.0699999332428,234
2320127002,5/1/2016,1400,0,0.0,0.0,0.519999980926514,40
2320127002,5/2/2016,1306,5,0.0,0.360000014305115,2.089999988675119,129
2320127002,5/3/2016,1204,20,0.0,1.49000000953674,3.530000090599062,216
2320127002,5/4/2016,1388,0,0.0,0.0,0.810000002384186,52
2320127002,5/5/2016,1206,0,0.0,0.0,3.499999880790715,234
2320127002,5/6/2016,1236,0,0.0,0.0,3.28999996185303,204
2320127002,5/7/2016,1121,0,0.0,0.0,4.96999979019165,319
2320127002,5/8/2016,1193,0,0.0,0.0,3.47000002861023,247
2320127002,5/9/2016,1295,0,0.0,0.0,2.07999992370605,145
2320127002,5/10/2016,1150,0,0.0,0.0,4.19999980926514,290
2320127002,5/11/2016,1140,0,0.0,0.0,4.32999992370605,300
2320127002,5/12/2016,830,0,0.0,0.0,1.78999996185303,128
2347167796,4/12/2016,964,28,0.0,2.0,4.819999814033512,333
2347167796,4/13/2016,676,19,0.0,1.6599999666214,5.35000014305115,227
2347167796,4/14/2016,705,1,0.0,0.0199999995529652,6.6800000667572,254
2347167796,4/15/2016,720,1,0.0,0.0700000002980232,6.849999785423281,308
2347167796,4/16/2016,968,66,0.0,5.44999980926514,9.63000011444092,340
2347167796,4/17/2016,508,1,0.0,0.0799999982118607,3.539999991655353,256
2347167796,4/18/2016,678,11,0.0,0.790000021457672,4.649999976158145,222
2347167796,4/19/2016,648,0,0.0,0.0,4.44000005722046,389
2347167796,4/20/2016,1011,11,0.0,0.680000007152557,6.59000015258789,312
2347167796,4/21/2016,761,23,0.0,1.85000002384186,4.91000008583069,234
2347167796,4/22/2016,781,9,0.0,0.560000002384186,4.60000002384186,233
2347167796,4/23/2016,591,32,0.0,2.77999997138977,8.60000014305115,395
2347167796,4/24/2016,584,0,0.0,0.0,6.26000022888184,360
2347167796,4/25/2016,653,15,0.0,1.26999998092651,5.119999885559084,288
2347167796,4/26/2016,732,0,0.0,0.0,3.95000004768372,227
2347167796,4/27/2016,623,26,0.0,1.86000001430511,5.720000177621843,304
2347167796,4/28/2016,764,0,0.0,0.0,3.59999990463257,229
2347167796,4/29/2016,2,0,0.0,0.0,0.0299999993294477,4
2873212765,4/12/2016,1061,2,0.0,0.109999999403954,5.810000121593477,377
2873212765,4/13/2016,1028,0,0.0199999995529652,0.0,5.100000113248827,412
2873212765,4/14/2016,1109,0,0.0,0.0,5.32000017166138,331
2873212765,4/15/2016,992,0,0.0099999997764825,0.0,5.69000005722046,448
2873212765,4/16/2016,1087,47,0.0099999997764825,3.10999989509583,3.529999990016225,306
2873212765,4/17/2016,1272,0,0.0,0.0,1.690000027418136,168
2873212765,4/18/2016,1122,1,0.0,0.0700000002980232,5.169999867677693,317
2873212765,4/19/2016,1051,0,0.0,0.0,5.3600001335144,389
2873212765,4/20/2016,1035,22,0.0099999997764825,1.50999999046326,4.779999844729901,383
2873212765,4/21/2016,1057,2,0.0099999997764825,0.129999995231628,5.839999794960022,381
2873212765,4/22/2016,1028,46,0.0199999995529652,0.46000000834465,4.42000007629395,366
2873212765,4/23/2016,1077,28,0.0099999997764825,2.08999991416931,4.249999985098835,335
2873212765,4/24/2016,1203,46,0.0,3.0,1.6800000034272655,191
2873212765,4/25/2016,1081,0,0.0,0.0,4.94999980926514,359
2873212765,4/26/2016,1124,2,0.0,0.119999997317791,5.419999778270717,314
2873212765,4/27/2016,1197,46,0.0,0.0,2.35999989509583,197
2873212765,4/28/2016,1192,28,0.0,2.16000008583069,3.250000089406969,220
2873212765,4/29/2016,1191,20,0.0,1.36000001430511,3.5900000333786,229
2873212765,4/30/2016,1167,5,0.0099999997764825,0.330000013113022,5.34000027179718,268
2873212765,5/1/2016,1219,7,0.0,0.490000009536743,4.48000001907349,214
2873212765,5/2/2016,1099,0,0.0199999995529652,0.0,5.039999917149539,341
2873212765,5/3/2016,1070,1,0.0099999997764825,0.0599999986588955,4.90999984741211,369
2873212765,5/4/2016,1020,0,0.0,0.0,5.55999994277954,420
2873212765,5/5/2016,1093,13,0.0,0.779999971389771,4.830000221729279,334
2873212765,5/6/2016,1065,0,0.0099999997764825,0.0,4.730000130832191,375
2873212765,5/7/2016,1302,75,0.0,2.27999997138977,1.100000023841858,63
2873212765,5/8/2016,1068,46,0.0,2.90000009536743,2.64000010490417,326
2873212765,5/9/2016,1095,0,0.0,0.0,5.19000005722046,345
2873212765,5/10/2016,1067,0,0.0099999997764825,0.0,5.55000019073486,373
2873212765,5/11/2016,1121,0,0.0099999997764825,0.0,4.32000017166138,319
2873212765,5/12/2016,720,0,0.0,0.0,5.1100001335144,268
3372868164,4/12/2016,1160,0,0.0099999997764825,0.0,3.23000001907349,280
3372868164,4/13/2016,1045,16,0.0199999995529652,0.990000009536743,5.609999984502789,379
3372868164,4/14/2016,1039,6,0.0099999997764825,0.340000003576279,5.6800000667572,395
3372868164,4/15/2016,1105,0,0.0199999995529652,0.0,5.05999994277954,335
3372868164,4/16/2016,1084,0,0.0299999993294477,0.0,4.69999980926514,356
3372868164,4/17/2016,1105,11,0.0099999997764825,1.4099999666214,4.460000135004516,324
3372868164,4/18/2016,1070,20,0.0,1.08000004291534,3.549999907612802,350
3372868164,4/19/2016,1064,0,0.0199999995529652,0.0,5.23999977111816,376
3372868164,4/20/2016,1148,15,0.0199999995529652,0.839999973773956,2.470000118017199,277
3372868164,4/21/2016,1037,18,0.0099999997764825,1.14999997615814,4.899999856948857,385
3372868164,4/22/2016,1234,0,0.0099999997764825,0.0,2.60999989509583,206
3372868164,4/23/2016,1115,20,0.0,1.39999997615814,3.6599999219179105,305
3372868164,4/24/2016,1127,14,0.0199999995529652,0.889999985694885,3.680000007152554,299
3372868164,4/25/2016,1024,0,0.0,0.0,4.09000015258789,416
3372868164,4/26/2016,1083,22,0.0099999997764825,1.85000002384186,3.919999886304138,335
3372868164,4/27/2016,1057,24,0.0099999997764825,1.58000004291534,3.820000052452088,359
3372868164,4/28/2016,1055,0,0.0,0.0,3.75999999046326,385
3372868164,4/29/2016,1038,0,0.0099999997764825,0.0,6.21999979019165,402
3372868164,4/30/2016,1119,17,0.0099999997764825,1.05999994277954,2.510000079870229,304
3372868164,5/1/2016,842,0,0.0,0.0,2.08999991416931,172
3977333714,4/12/2016,777,44,0.0,3.05999994277954,2.920000016689304,150
3977333714,4/13/2016,754,31,0.0,2.02999997138977,4.6800000667572,199
3977333714,4/14/2016,801,5,0.0,0.319999992847443,4.789999961853029,237
3977333714,4/15/2016,644,15,0.0,1.04999995231628,5.00999999046326,225
3977333714,4/16/2016,663,31,0.0,2.02999997138977,6.9700000286102295,236
3977333714,4/17/2016,600,11,0.0,0.699999988079071,6.269999980926521,263
3977333714,4/18/2016,605,4,0.0,0.25,7.5499999523162895,309
3977333714,4/19/2016,738,19,0.0,2.24000000953674,6.41000008583069,288
3977333714,4/20/2016,845,2,0.0,0.200000002980232,7.629999876022341,262
3977333714,4/21/2016,712,0,0.0,0.0,4.05999994277954,242
3977333714,4/22/2016,731,33,0.0,2.32999992370605,3.639999926090239,200
3977333714,4/23/2016,724,0,0.0,0.0,8.06999969482422,344
3977333714,4/24/2016,660,30,0.0,3.26999998092651,6.73000001907349,224
3977333714,4/25/2016,781,50,0.0,5.61999988555908,2.8400000929832467,142
3977333714,4/26/2016,797,7,0.0,0.449999988079071,7.16999983787537,265
3977333714,4/27/2016,714,0,0.0,0.0,5.039999872446058,186
3977333714,4/28/2016,804,15,0.0,1.37000000476837,3.51000002026558,198
3977333714,4/29/2016,744,36,0.0,3.74000000953674,4.00999999046325,182
3977333714,4/30/2016,687,43,0.0,3.69000005722046,5.50999999046326,246
3977333714,5/1/2016,691,41,0.0,2.67000007629395,4.39000010490418,164
3977333714,5/2/2016,713,24,0.0,1.53999996185303,9.5,319
3977333714,5/3/2016,594,47,0.0,3.3199999332428,6.270000219345089,299
3977333714,5/4/2016,852,14,0.0,1.80999994277954,7.470000028610221,238
3977333714,5/5/2016,680,14,0.0,1.75999999046326,6.82000017166137,266
3977333714,5/6/2016,676,29,0.0,3.10999989509583,5.18000006675721,223
3977333714,5/7/2016,703,0,0.0,0.0,7.7200000286102295,294
3977333714,5/8/2016,688,9,0.0,0.680000007152557,8.40999984741211,287
3977333714,5/9/2016,1159,8,0.0,0.769999980926514,9.14999985694885,273
3977333714,5/10/2016,676,1,0.0,0.0700000002980232,8.710000038146969,311
3977333714,5/11/2016,13,4,0.0,0.370000004768372,0.129999995231628,9
4020332650,4/12/2016,712,4,0.0,0.150000005960464,5.919999822974202,346
4020332650,4/13/2016,1440,0,0.0,0.0,0.0,0
4020332650,4/14/2016,1437,0,0.0,0.0,0.0299999993294477,3
4020332650,4/15/2016,1299,36,0.0,0.209999993443489,1.129999995231629,105
4020332650,4/16/2016,1222,65,0.0,0.449999988079071,0.959999978542328,76
4020332650,4/17/2016,1438,0,0.0,0.0,0.0099999997764825,2
4020332650,4/18/2016,1438,0,0.0,0.0,0.0399999991059303,2
4020332650,4/19/2016,1440,0,0.0,0.0,0.0,0
4020332650,4/20/2016,1440,0,0.0,0.0,0.0,0
4020332650,4/21/2016,1440,0,0.0,0.0,0.0,0
4020332650,4/22/2016,1440,0,0.0,0.0,0.0,0
4020332650,4/23/2016,1440,0,0.0,0.0,0.0,0
4020332650,4/24/2016,1440,0,0.0,0.0,0.0,0
4020332650,4/25/2016,1440,0,0.0,0.0,0.0,0
4020332650,4/26/2016,1440,0,0.0,0.0,0.0,0
4020332650,4/27/2016,1440,0,0.0,0.0,0.0,0
4020332650,4/28/2016,1440,0,0.0,0.0,0.0,0
4020332650,4/29/2016,1440,0,0.0,0.0,0.0,0
4020332650,4/30/2016,1440,0,0.0,0.0,0.0,0
4020332650,5/1/2016,1440,0,0.0,0.0,0.0,0
4020332650,5/2/2016,1350,0,0.0,0.0,0.3299999907612803,42
4020332650,5/3/2016,950,0,0.0500000007450581,0.0,3.15000009536743,174
4020332650,5/4/2016,531,13,0.0,0.670000016689301,6.61999988555908,392
4020332650,5/5/2016,916,38,0.0700000002980232,2.61999988555908,5.71999990940094,238
4020332650,5/6/2016,855,0,0.0099999997764825,0.0,3.09999990463257,177
4020332650,5/7/2016,1256,0,0.0,0.0,3.57999992370605,184
4020332650,5/8/2016,775,0,0.0,0.0,4.15000009536743,263
4020332650,5/9/2016,1225,3,0.0,0.200000002980232,3.060000054538251,178
4020332650,5/10/2016,774,0,0.0399999991059303,0.0,3.86999988555908,206
4020332650,5/11/2016,1296,2,0.0,0.109999999403954,2.4999999254941887,142
4020332650,5/12/2016,721,0,0.0,0.0,0.409999996423721,21
4057192912,4/12/2016,1276,0,0.0,0.0,3.94000005722046,164
4057192912,4/13/2016,1280,0,0.0,0.0,4.36999988555908,160
4057192912,4/14/2016,1440,0,0.0,0.0,0.0,0
4057192912,4/15/2016,873,3,0.0,0.209999993443489,2.7000000476837167,94
4319703577,4/12/2016,1440,0,0.0,0.0,0.0,0
4319703577,4/13/2016,1234,8,0.0,0.529999971389771,1.899999916553496,111
4319703577,4/14/2016,589,1,0.0,0.109999999403954,6.770000070333482,348
4319703577,4/15/2016,752,0,0.0,0.0,3.79999995231628,228
4319703577,4/16/2016,724,0,0.0,0.0,3.1800000667572,194
4319703577,4/17/2016,1363,0,0.0,0.0,0.0199999995529652,3
4319703577,4/18/2016,824,1,0.0,0.0700000002980232,1.450000017881392,67
4319703577,4/19/2016,604,0,0.0,0.0,5.98999977111816,311
4319703577,4/20/2016,671,0,0.0,0.0,5.9899999499320975,324
4319703577,4/21/2016,1265,0,0.0,0.0,0.349999994039536,34
4319703577,4/22/2016,709,1,0.0,0.0599999986588955,2.9600000977516157,195
4319703577,4/23/2016,546,0,0.0,0.0,3.30999994277954,233
4319703577,4/24/2016,692,1,0.0,0.0599999986588955,2.6700000315904617,196
4319703577,4/25/2016,544,0,0.0,0.0,6.209999829530713,398
4319703577,4/26/2016,649,8,0.0,0.569999992847443,6.07000011205673,309
4319703577,4/27/2016,680,6,0.0,0.409999996423721,6.8299998044967705,347
4319703577,4/28/2016,552,13,0.0,1.00999999046326,6.270000070333482,367
4319703577,4/29/2016,624,6,0.0,0.449999988079071,4.909999907016752,307
4319703577,4/30/2016,695,6,0.0,0.400000005960464,5.12000000476837,234
4319703577,5/1/2016,836,0,0.0,0.0,0.839999973773956,67
4319703577,5/2/2016,585,0,0.0,0.0,6.150000035762784,355
4319703577,5/3/2016,669,8,0.0,0.579999983310699,5.89999997615814,313
4319703577,5/4/2016,1106,8,0.0,0.589999973773956,6.42999988794327,326
4319703577,5/5/2016,957,27,0.0,2.63000011444092,6.85999977588654,362
4319703577,5/6/2016,692,6,0.0,0.409999996423721,5.930000036954877,325
4319703577,5/7/2016,586,3,0.0,0.189999997615814,5.12999987602233,307
4319703577,5/8/2016,603,0,0.0,0.0,2.46000003814697,153
4319703577,5/9/2016,490,2,0.0,0.140000000596046,6.810000002384186,388
4319703577,5/10/2016,555,3,0.0,0.209999993443489,6.1599998176097905,341
4319703577,5/11/2016,574,3,0.0,0.200000002980232,5.9199998378753635,329
4319703577,5/12/2016,0,0,0.0,0.0,0.0099999997764825,2
4388161847,4/12/2016,1440,0,0.0,0.0,0.0,0
4388161847,4/13/2016,1275,1,0.0,0.0599999986588955,4.510000109672548,164
4388161847,4/14/2016,945,10,0.0,0.129999995231628,6.68999993801117,254
4388161847,4/15/2016,837,0,0.0,0.0,6.73000001907349,299
4388161847,4/16/2016,609,6,0.0,0.209999993443489,4.849999815225604,262
4388161847,4/17/2016,721,0,0.0,0.0,3.57999992370605,201
4388161847,4/18/2016,1017,27,0.0,3.55999994277954,5.539999872446064,247
4388161847,4/19/2016,704,20,0.0,1.37000000476837,6.459999978542324,265
4388161847,4/20/2016,696,19,0.0,1.10000002384186,7.00999999046326,270
4388161847,4/21/2016,853,7,0.0,0.370000004768372,7.370000004768375,284
4388161847,4/22/2016,945,77,0.0,3.29999995231628,6.03000009059906,245
4388161847,4/23/2016,749,58,0.0,4.5,5.669999897480013,220
4388161847,4/24/2016,584,14,0.0,1.08000004291534,6.810000181198117,247
4388161847,4/25/2016,1054,11,0.0,0.730000019073486,9.24000012874603,332
4388161847,4/26/2016,673,14,0.0,0.939999997615814,6.32999992370605,247
4388161847,4/27/2016,684,11,0.0,0.699999988079071,7.89999985694886,289
4388161847,4/28/2016,878,19,0.0,1.28999996185303,6.460000216960907,243
4388161847,4/29/2016,1175,13,0.0,0.800000011920929,6.310000061988835,252
4388161847,4/30/2016,537,14,0.0,0.699999988079071,8.940000057220459,343
4388161847,5/1/2016,579,12,0.0,1.00999999046326,6.879999816417698,256
4388161847,5/2/2016,935,33,0.0,3.76999998092651,4.63000018894672,208
4388161847,5/3/2016,984,18,0.0,1.12999999523163,8.66000008583069,324
4388161847,5/4/2016,632,35,0.0,2.78999996185303,6.730000197887417,272
4388161847,5/5/2016,896,12,0.0,0.629999995231628,6.76000010967255,238
4388161847,5/6/2016,1100,33,0.0,2.10999989509583,8.019999742507931,307
4388161847,5/7/2016,508,120,0.0,9.44999980926514,8.099999904632561,316
4388161847,5/8/2016,576,107,0.0,9.89000034332275,4.49000000953675,216
4388161847,5/9/2016,1020,6,0.0,0.340000003576279,7.519999980926516,277
4388161847,5/10/2016,648,13,0.0,0.810000002384186,7.110000014305112,281
4388161847,5/11/2016,858,8,0.0,0.529999971389771,7.320000231266022,274
4388161847,5/12/2016,825,0,0.0,0.0,2.58999991416931,108
4445114986,4/12/2016,787,0,0.0,0.0,2.20000004768372,196
4445114986,4/13/2016,840,0,0.0,0.0,1.99000000953674,194
4445114986,4/14/2016,717,0,0.0,0.0,2.67000007629395,231
4445114986,4/15/2016,711,0,0.0,0.0,4.82999992370605,350
4445114986,4/16/2016,716,0,0.0,0.0,2.65000009536743,225
4445114986,4/17/2016,1219,0,0.0,0.0,1.51999998092651,114
4445114986,4/18/2016,1247,25,0.0,2.0,2.24000003933907,168
4445114986,4/19/2016,895,0,0.0,0.0,1.38999998569489,121
4445114986,4/20/2016,841,0,0.0,0.0,1.38999998569489,137
4445114986,4/21/2016,756,0,0.0,0.0,2.53999996185303,215
4445114986,4/22/2016,706,0,0.0,0.0,4.57999992370605,317
4445114986,4/23/2016,1239,0,0.0,0.0,2.9300000667572,201
4445114986,4/24/2016,1196,0,0.0,0.0,3.35999989509583,244
4445114986,4/25/2016,916,0,0.0,0.0,2.26999998092651,179
4445114986,4/26/2016,839,29,0.0,2.41000008583069,2.0000000372529003,181
4445114986,4/27/2016,839,32,0.0,2.61999988555908,2.410000113770368,195
4445114986,4/28/2016,762,0,0.0,0.0,3.00999999046326,236
4445114986,4/29/2016,1106,0,0.0,0.0,3.13000011444092,226
4445114986,4/30/2016,797,0,0.0,0.0,4.17999982833862,290
4445114986,5/1/2016,741,0,0.0,0.0,3.50999999046326,240
4445114986,5/2/2016,667,27,0.0,2.21000003814697,2.5399999022483843,204
4445114986,5/3/2016,725,30,0.0,2.48000001907349,2.689999923110004,235
4445114986,5/4/2016,897,0,0.0,0.0,1.96000003814697,180
4445114986,5/5/2016,734,2,0.0,0.119999997317791,2.420000061392782,191
4445114986,5/6/2016,809,0,0.0,0.0,3.02999997138977,229
4445114986,5/7/2016,866,26,0.0,2.13000011444092,1.439999997615814,112
4445114986,5/8/2016,733,0,0.0,0.0,4.90000009536743,316
4445114986,5/9/2016,641,0,0.0,0.0,3.53999996185303,266
4445114986,5/10/2016,783,0,0.0,0.0,2.63000011444092,231
4445114986,5/11/2016,622,34,0.0,2.25,3.85999989509583,254
4445114986,5/12/2016,380,0,0.0,0.0,0.519999980926514,58
4558609924,4/12/2016,1122,0,0.0,0.0,3.39000010490417,318
4558609924,4/13/2016,1287,19,0.0,1.24000000953674,2.050000011920924,134
4558609924,4/14/2016,1161,0,0.0,0.0,4.48999977111816,279
4558609924,4/15/2016,1131,17,0.0,0.589999973773956,4.569999992847446,292
4558609924,4/16/2016,1112,8,0.0,0.550000011920929,4.25,320
4558609924,4/17/2016,1110,7,0.0,0.550000011920929,5.85000002384186,323
4558609924,4/18/2016,1080,14,0.0,0.980000019073486,4.930000007152557,346
4558609924,4/19/2016,1182,1,0.0,0.0500000007450581,3.520000100135805,257
4558609924,4/20/2016,1218,0,0.0,0.0,3.17000007629395,222
4558609924,4/21/2016,844,6,0.0,0.419999986886978,8.66999983787537,453
4558609924,4/22/2016,1122,20,0.0,1.37000000476837,4.9700000286102295,298
4558609924,4/23/2016,1122,5,0.0,0.340000003576279,4.210000231862073,313
4558609924,4/24/2016,1045,0,0.0,0.0,5.65000009536743,395
4558609924,4/25/2016,993,18,0.0,0.589999973773956,4.76000022888184,350
4558609924,4/26/2016,1062,12,0.0,0.430000007152557,5.61999988555908,324
4558609924,4/27/2016,1087,27,0.0,1.96000003814697,4.350000023841855,326
4558609924,4/28/2016,985,1,0.0,0.0199999995529652,6.219999819993976,378
4558609924,4/29/2016,1096,15,0.0,1.01999998092651,4.1599999666214,226
4558609924,4/30/2016,1111,7,0.0,0.469999998807907,6.35000002384186,322
4558609924,5/1/2016,1121,0,0.0,0.0,2.26999998092651,190
4558609924,5/2/2016,1057,0,0.0,0.0,5.21999979019165,383
4558609924,5/3/2016,1172,21,0.0,0.600000023841858,2.879999905824663,247
4558609924,5/4/2016,1188,0,0.0,0.0,3.46000003814697,252
4558609924,5/5/2016,1048,14,0.0,1.00999999046326,6.01000022888184,378
4558609924,5/6/2016,1238,0,0.0,0.0,2.48000001907349,202
4558609924,5/7/2016,1116,23,0.0,1.61000001430511,3.82999992370605,249
4558609924,5/8/2016,1019,66,0.0,1.79999995231628,2.51999998092651,273
4558609924,5/9/2016,1065,6,0.0,0.430000007152557,7.13999998569488,369
4558609924,5/10/2016,1191,11,0.0,0.740000009536743,3.51000010967254,238
4558609924,5/11/2016,1081,4,0.0,0.259999990463257,5.76000010967255,355
4558609924,5/12/2016,736,0,0.0,0.0,4.17000007629395,247
4702921684,4/12/2016,718,0,0.0,0.0,5.84999990463257,263
4702921684,4/13/2016,777,0,0.0,0.0,5.57999992370605,258
4702921684,4/14/2016,772,0,0.0,0.0,6.36999988555908,271
4702921684,4/15/2016,944,1,0.0,0.0700000002980232,5.209999948740008,264
4702921684,4/16/2016,556,3,0.0,0.239999994635582,8.789999961853031,359
4702921684,4/17/2016,437,12,0.0,0.959999978542328,9.34000015258789,368
4702921684,4/18/2016,890,22,0.0,1.82000005245209,5.56000018119812,221
4702921684,4/19/2016,757,10,0.0,0.879999995231628,4.560000061988832,187
4702921684,4/20/2016,717,2,0.0,0.159999996423721,6.96000003814698,289
4702921684,4/21/2016,901,4,0.0,0.310000002384186,4.99000000953674,185
4702921684,4/22/2016,1341,0,0.0,0.0,1.35000002384186,72
4702921684,4/23/2016,469,9,0.0,0.759999990463257,11.51000046730041,474
4702921684,4/24/2016,542,15,0.0,1.20000004768372,11.0,376
4702921684,4/25/2016,730,6,0.0,0.490000009536743,6.9300001263618425,285
4702921684,4/26/2016,765,1,0.0,0.0700000002980232,4.889999955892566,224
4702921684,4/27/2016,733,1,0.0,0.0900000035762787,5.580000221729279,254
4702921684,4/28/2016,738,14,0.0,1.12999999523163,6.189999967813488,241
4702921684,4/29/2016,692,12,0.0,1.05999994277954,6.990000188350681,286
4702921684,4/30/2016,728,4,0.0,0.319999992847443,7.91000008583069,299
4702921684,5/1/2016,1440,0,0.0,0.0,0.0,0
4702921684,5/2/2016,1131,5,0.0,0.379999995231628,5.5,235
4702921684,5/3/2016,729,0,0.0,0.0,7.67000007629395,313
4702921684,5/4/2016,757,4,0.0,0.340000003576279,6.269999980926516,266
4702921684,5/5/2016,745,8,0.0,0.670000016689301,6.310000151395797,246
4702921684,5/6/2016,682,1,0.0,0.0799999982118607,5.529999911785124,223
4702921684,5/7/2016,577,5,0.0,0.370000004768372,11.28000020980835,485
4702921684,5/8/2016,1019,9,0.0,0.680000007152557,9.75,317
4702921684,5/9/2016,746,0,0.0,0.0,6.669999897480013,265
4702921684,5/10/2016,701,1,0.0,0.0799999982118607,8.53000009059906,299
4702921684,5/11/2016,784,10,0.0,0.779999971389771,7.14000010490418,276
4702921684,5/12/2016,241,0,0.0,0.0,2.23000001907349,68
5553957443,4/12/2016,767,19,0.0,1.37000000476837,6.199999868869782,290
5553957443,4/13/2016,647,0,0.0,0.0,3.16000008583069,226
5553957443,4/14/2016,693,61,0.0,4.0,7.12000012397767,297
5553957443,4/15/2016,689,58,0.0,4.15999984741211,6.69000005722046,277
5553957443,4/16/2016,521,0,0.0,0.0,3.76999998092651,288
5553957443,4/17/2016,943,0,0.0,0.0,0.430000007152557,46
5553957443,4/18/2016,622,0,0.0,0.0,2.4300000667572,206
5553957443,4/19/2016,756,69,0.0,4.28000020980835,5.83999979496002,277
5553957443,4/20/2016,598,0,0.0,0.0,1.76999998092651,148
5553957443,4/21/2016,801,47,0.0,2.95000004768372,5.120000123977659,219
5553957443,4/22/2016,781,25,0.0,1.37999999523163,6.2299998998641986,286
5553957443,4/23/2016,443,0,0.0,0.0,2.6800000667572,272
5553957443,4/24/2016,582,0,0.0,0.0,1.17999994754791,104
5553957443,4/25/2016,732,51,0.0,2.9300000667572,4.2600000500679025,212
5553957443,4/26/2016,750,40,0.0,2.36999988555908,5.390000045299527,256
5553957443,4/27/2016,745,16,0.0,1.13999998569489,5.73999977111816,222
5553957443,4/28/2016,727,49,0.0,3.71000003814697,3.92000007629395,178
5553957443,4/29/2016,709,46,0.0,2.78999996185303,5.5499998331069955,285
5553957443,4/30/2016,506,0,0.0,0.0,0.779999971389771,84
5553957443,5/1/2016,436,0,0.0,0.0,3.36999988555908,237
5553957443,5/2/2016,724,23,0.0,1.05999994277954,5.310000091791151,236
5553957443,5/3/2016,812,26,0.0,1.5,6.879999876022341,276
5553957443,5/4/2016,651,0,0.0,0.0,2.76999998092651,224
5553957443,5/5/2016,692,44,0.0,3.4300000667572,6.08999979496002,270
5553957443,5/6/2016,761,21,0.0,1.51999998092651,4.770000040531162,238
5553957443,5/7/2016,902,0,0.0,0.0,1.22000002861023,96
5553957443,5/8/2016,505,3,0.0,0.219999998807907,3.7699999511241873,218
5553957443,5/9/2016,667,59,0.0,2.13000011444092,5.449999928474425,273
5553957443,5/10/2016,707,61,0.0,3.86999988555908,6.809999823570251,305
5553957443,5/11/2016,628,0,0.0,0.0,3.22000002861023,195
5553957443,5/12/2016,222,8,0.0,0.579999983310699,1.459999948740004,54
5577150313,4/12/2016,728,86,0.0,3.59999990463257,2.479999899864198,156
5577150313,4/13/2016,776,15,0.0,0.319999992847443,3.469999998807907,155
5577150313,4/14/2016,662,118,0.0,3.32999992370605,3.0899999737739563,206
5577150313,4/15/2016,695,115,0.0,3.92000007629395,5.1599999666214,253
5577150313,4/16/2016,472,184,0.0,6.6399998664856,4.00999999046326,214
5577150313,4/17/2016,525,200,0.0,5.98000001907349,3.149999916553499,196
5577150313,4/18/2016,623,114,0.0,4.8600001335144,2.540000081062319,162
5577150313,4/19/2016,733,108,0.0,7.01999998092651,2.3999999761581448,134
5577150313,4/20/2016,773,87,0.0,4.11999988555908,2.099999994039539,129
5577150313,4/21/2016,670,110,0.0,3.65000009536743,4.43999993801117,249
5577150313,4/22/2016,823,62,0.0,2.42000007629395,4.089999973773952,230
5577150313,4/23/2016,627,24,0.0,1.21000003814697,4.499999880790715,247
5577150313,4/24/2016,425,210,0.0,7.65000009536743,4.13000011444092,206
5577150313,4/25/2016,743,61,0.0,1.35000002384186,3.430000007152561,252
5577150313,4/26/2016,759,38,0.0,0.850000023841858,3.120000004768372,213
5577150313,4/27/2016,773,63,0.0,1.80999994277954,3.330000072717664,206
5577150313,4/28/2016,692,99,0.0,3.25,4.17999994754792,192
5577150313,4/29/2016,739,97,0.0,2.83999991416931,3.080000042915345,201
5577150313,4/30/2016,621,207,0.0,5.82999992370605,3.399999916553502,208
5577150313,5/1/2016,499,194,0.0,5.30999994277954,4.6800000667572,250
5577150313,5/2/2016,732,37,0.0,1.12000000476837,4.420000165700916,255
5577150313,5/3/2016,580,97,0.0,4.51999998092651,3.719999939203264,220
5577150313,5/4/2016,631,25,0.0,1.55999994277954,2.32999992370605,150
5577150313,5/5/2016,1153,45,0.0,2.5,3.1400000751018573,164
5577150313,5/6/2016,1304,41,0.0,1.92999994754791,1.770000040531163,95
5577150313,5/7/2016,1440,0,0.0,0.0,0.0,0
5577150313,5/8/2016,1440,0,0.0,0.0,0.0,0
5577150313,5/9/2016,1099,34,0.0,1.42999994754791,1.1300000101327892,81
5577150313,5/10/2016,639,104,0.0,2.55999994277954,4.09999990463257,231
5577150313,5/11/2016,257,45,0.0,1.83000004291534,1.189999997615814,78
6117666160,4/12/2016,1440,0,0.0,0.0,0.0,0
6117666160,4/13/2016,1440,0,0.0,0.0,0.0,0
6117666160,4/14/2016,1440,0,0.0,0.0,0.0,0
6117666160,4/15/2016,921,0,0.0,0.0,10.580000191926993,519
6117666160,4/16/2016,502,7,0.0,0.579999983310699,10.329999566078188,533
6117666160,4/17/2016,702,0,0.0,0.0,5.40000009536743,312
6117666160,4/18/2016,759,0,0.0,0.0,3.89000010490417,241
6117666160,4/19/2016,425,0,0.0,0.0,8.40999984741211,480
6117666160,4/20/2016,587,26,0.0,2.02999997138977,5.999999970197674,359
6117666160,4/21/2016,579,11,0.0,0.980000019073486,6.019999891519544,313
6117666160,4/22/2016,413,0,0.0,0.0,6.19999980926514,402
6117666160,4/23/2016,468,0,0.0,0.0,8.68000030517578,512
6117666160,4/24/2016,711,0,0.0,0.0,5.76000022888184,362
6117666160,4/25/2016,1440,0,0.0,0.0,0.0,0
6117666160,4/26/2016,1077,0,0.0,0.0,7.209999889135359,359
6117666160,4/27/2016,417,0,0.0,0.0,7.1100001335144,458
6117666160,4/28/2016,758,0,0.0,0.0,2.59999990463257,141
6117666160,4/29/2016,479,0,0.0,0.0,7.23999977111816,461
6117666160,4/30/2016,1040,0,0.0,0.0,5.28000020980835,343
6117666160,5/1/2016,525,0,0.0,0.0,6.73000001907349,397
6117666160,5/2/2016,1204,0,0.0,0.0,3.73000001907349,236
6117666160,5/3/2016,1440,0,0.0,0.0,0.0,0
6117666160,5/4/2016,1279,0,0.0,0.0,2.25999999046326,156
6117666160,5/5/2016,479,0,0.0,0.0,7.40000009536743,487
6117666160,5/6/2016,673,0,0.0,0.0,2.6800000667572,133
6117666160,5/7/2016,456,0,0.0,0.0,5.53999996185303,412
6117666160,5/8/2016,517,0,0.0,0.0,5.53000020980835,318
6117666160,5/9/2016,125,0,0.0,0.0,3.38000011444092,197
6290855005,4/12/2016,1241,0,0.0,0.0,3.45000004768372,199
6290855005,4/13/2016,1090,0,0.0099999997764825,0.0,5.3899998664856,350
6290855005,4/14/2016,1077,0,0.0299999993294477,0.0,5.76999998092651,363
6290855005,4/15/2016,1112,0,0.0099999997764825,0.0,7.17000007629395,328
6290855005,4/16/2016,1182,0,0.0099999997764825,0.0,6.26999998092651,258
6290855005,4/17/2016,1172,31,0.0,1.13999998569489,4.790000021457672,237
6290855005,4/18/2016,1169,0,0.0199999995529652,0.0,5.19000005722046,271
6290855005,4/19/2016,1119,0,0.0099999997764825,0.0,5.3899998664856,321
6290855005,4/20/2016,1182,0,0.0099999997764825,0.0,4.80000019073486,258
6290855005,4/21/2016,1440,0,0.0,0.0,0.0,0
6290855005,4/22/2016,1138,0,0.0,0.0,4.71999979019165,302
6290855005,4/23/2016,1407,33,0.0,0.0,0.0,0
6290855005,4/24/2016,1182,0,0.0,0.0,4.46000003814697,258
6290855005,4/25/2016,1180,8,0.0099999997764825,0.680000007152557,5.210000216960907,252
6290855005,4/26/2016,1440,0,0.0,0.0,0.0,0
6290855005,4/27/2016,1153,0,0.0299999993294477,0.0,4.17999982833862,287
6290855005,4/28/2016,1185,0,0.0,0.0,4.32999992370605,255
6290855005,4/29/2016,1440,0,0.0,0.0,0.0,0
6290855005,4/30/2016,1116,0,0.0099999997764825,0.0,5.09000015258789,324
6290855005,5/1/2016,1055,8,0.0199999995529652,0.660000026226044,6.75,377
6290855005,5/2/2016,1172,0,0.0199999995529652,0.0,5.1100001335144,268
6290855005,5/3/2016,1200,0,0.0,0.0,4.57000017166138,240
6290855005,5/4/2016,1168,0,0.0099999997764825,0.0,4.40000009536743,272
6290855005,5/5/2016,1201,0,0.0,0.0,4.78999996185303,239
6290855005,5/6/2016,1135,0,0.0299999993294477,0.0,4.59000015258789,305
6290855005,5/7/2016,1213,0,0.0,0.0,4.15999984741211,227
6290855005,5/8/2016,1189,0,0.0,0.0,5.82000017166138,251
6290855005,5/9/2016,800,0,0.0199999995529652,0.0,4.73000001907349,264
6290855005,5/10/2016,1440,0,0.0,0.0,0.0,0
6775888955,4/12/2016,1440,0,0.0,0.0,0.0,0
6775888955,4/13/2016,1053,17,0.0,1.11000001430511,1.800000011920929,103
6775888955,4/14/2016,863,14,0.0,0.870000004768372,2.830000042915345,129
6775888955,4/15/2016,976,0,0.0,0.0,0.920000016689301,58
6775888955,4/16/2016,1377,36,0.0,2.51999998092651,0.8700000010430815,27
6775888955,4/17/2016,1392,5,0.0,0.349999994039536,1.439999997615816,43
6775888955,4/18/2016,1233,30,0.0,2.0,3.9400000572204643,177
6775888955,4/19/2016,1440,0,0.0,0.0,0.0,0
6775888955,4/20/2016,1079,70,0.0,3.76999998092651,3.96000003814697,291
6775888955,4/21/2016,1440,0,0.0,0.0,0.0,0
6775888955,4/22/2016,1420,0,0.0,0.0,0.46000000834465,20
6775888955,4/23/2016,1440,0,0.0,0.0,0.0,0
6775888955,4/24/2016,1400,11,0.0,0.769999980926514,0.7700000107288361,29
6775888955,4/25/2016,1302,33,0.0,2.26999998092651,2.35999998450279,105
6775888955,4/26/2016,1321,42,0.0,3.48000001907349,1.600000023841858,77
6775888955,4/27/2016,1440,0,0.0,0.0,0.0,0
6775888955,4/28/2016,1410,2,0.0,0.0599999986588955,0.439999997615814,28
6775888955,4/29/2016,1440,0,0.0,0.0,0.0,0
6775888955,4/30/2016,1344,3,0.0,0.159999996423721,1.6400000154972112,93
6775888955,5/1/2016,1347,9,0.0,0.479999989271164,1.300000011920929,84
6775888955,5/2/2016,1440,0,0.0,0.0,0.0,0
6775888955,5/3/2016,1439,0,0.0,0.0,0.0099999997764825,1
6775888955,5/4/2016,1440,0,0.0,0.0,0.0,0
6775888955,5/5/2016,1440,0,0.0,0.0,0.0,0
6775888955,5/6/2016,1318,12,0.0,0.469999998807907,2.859999954700467,110
6775888955,5/7/2016,551,2,0.0,0.129999995231628,1.289999946951862,54
6962181067,4/12/2016,796,50,0.0,3.40000009536743,3.339999973773959,203
6962181067,4/13/2016,548,8,0.0,0.569999992847443,3.17000007629394,166
6962181067,4/14/2016,862,0,0.0,0.0,1.02999997138977,86
6962181067,4/15/2016,837,0,0.0,0.0,3.6800000667572,217
6962181067,4/16/2016,741,50,0.0,3.66000008583069,5.070000112056734,283
6962181067,4/17/2016,634,5,0.0,0.330000013113022,6.370000064373017,308
6962181067,4/18/2016,689,13,0.0,0.829999983310699,6.71000027656555,280
6962181067,4/19/2016,659,35,0.0,2.09999990463257,5.0,236
6962181067,4/20/2016,639,48,0.0,4.28000020980835,5.280000150203704,301
6962181067,4/21/2016,708,53,0.109999999403954,3.99000000953674,5.6099998950958305,241
6962181067,4/22/2016,659,30,0.0,1.76999998092651,5.31999993324279,273
6962181067,4/23/2016,484,58,0.0,4.19999980926514,9.039999961853031,388
6962181067,4/24/2016,720,0,0.0,0.0,3.3199999332428,199
6962181067,4/25/2016,637,35,0.100000001490116,3.01999998092651,6.13999998569488,313
6962181067,4/26/2016,680,36,0.0,2.57999992370605,4.320000082254408,261
6962181067,4/27/2016,697,7,0.0,0.550000011920929,6.26999998092651,317
6962181067,4/28/2016,621,38,0.0,2.50999999046326,5.830000147223472,296
6962181067,4/29/2016,645,12,0.0,0.819999992847443,6.289999932050704,384
6962181067,4/30/2016,731,32,0.0,2.24000000953674,4.4300000667572075,253
6962181067,5/1/2016,722,0,0.0,0.0,3.60999989509583,215
6962181067,5/2/2016,655,18,0.0,1.20000004768372,7.34000015258789,352
6962181067,5/3/2016,654,21,0.0,1.74000000953674,6.36999988555908,303
6962181067,5/4/2016,683,15,0.0,0.469999998807907,6.23000013828277,320
6962181067,5/5/2016,591,14,0.0,0.990000009536743,5.96999990940094,327
6962181067,5/6/2016,717,0,0.0,0.0,3.91000008583069,299
6962181067,5/7/2016,745,0,0.0,0.0,4.5,328
6962181067,5/8/2016,709,0,0.0,0.0,2.769999980926514,165
6962181067,5/9/2016,607,43,0.0,3.90000009536743,4.83000004291534,252
6962181067,5/10/2016,626,62,0.0,3.47000002861023,6.73999977111816,309
6962181067,5/11/2016,709,24,0.0,1.49000000953674,2.9600000977516157,206
6962181067,5/12/2016,127,0,0.0,0.0,2.35999989509583,113
7007744171,4/12/2016,1024,53,0.0,4.5,5.789999842643738,363
7007744171,4/13/2016,1101,56,0.0,4.6100001335144,5.040000021457676,283
7007744171,4/14/2016,1096,34,0.0,2.95000004768372,5.300000041723249,310
7007744171,4/15/2016,1238,0,0.0,0.0,3.52999997138977,202
7007744171,4/16/2016,1155,0,0.0,0.0,3.09999990463257,203
7007744171,4/17/2016,1135,0,0.0,0.0,5.3899998664856,305
7007744171,4/18/2016,1077,48,0.0199999995529652,3.78999996185303,7.17000007629394,315
7007744171,4/19/2016,1066,53,0.0,4.40999984741211,6.069999933242797,321
7007744171,4/20/2016,1000,60,0.0,4.78999996185303,6.530000150203701,380
7007744171,4/21/2016,1049,30,0.0,2.15000009536743,7.04000008106232,361
7007744171,4/22/2016,1065,64,0.0,4.09999990463257,6.129999876022341,311
7007744171,4/23/2016,1190,2,0.0,0.129999995231628,5.28000009059906,248
7007744171,4/24/2016,1021,0,0.0,0.0,7.42000007629395,419
7007744171,4/25/2016,986,51,0.0,4.30999994277954,9.04000008106232,403
7007744171,4/26/2016,978,16,0.0,0.930000007152557,9.169999539852144,446
7007744171,4/27/2016,1041,50,0.0,4.26999998092651,5.949999988079074,349
7007744171,4/28/2016,1007,16,0.0,1.0900000333786,9.030000209808353,417
7007744171,4/29/2016,961,55,0.0,4.30999994277954,9.999999761581421,424
7007744171,4/30/2016,1240,0,0.0,0.0,2.51999998092651,200
7007744171,5/1/2016,1142,0,0.0,0.0,3.75,237
7007744171,5/2/2016,1112,64,0.0,4.6399998664856,4.52999991178512,264
7007744171,5/3/2016,1021,58,0.0,4.48000001907349,6.38000011444091,361
7007744171,5/4/2016,1440,0,0.0,0.0,0.0,0
7007744171,5/5/2016,1047,53,0.0,4.32999992370605,6.76999998092652,340
7007744171,5/6/2016,1136,44,0.0,3.0,4.669999897480016,260
7007744171,5/7/2016,111,0,0.0,0.0,0.0,0
7086361926,4/12/2016,745,59,0.0,5.26999998092651,3.120000034570694,159
7086361926,4/13/2016,744,31,0.0,0.560000002384186,3.0499999076127993,181
7086361926,4/14/2016,787,35,0.0,2.02999997138977,3.9900000989437117,221
7086361926,4/15/2016,864,30,0.0,2.03999996185303,3.63999998569488,160
7086361926,4/16/2016,1437,0,0.0,0.0,0.0099999997764825,3
7086361926,4/17/2016,1440,0,0.0,0.0,0.0,0
7086361926,4/18/2016,1136,61,0.0,3.17000007629395,3.52999997138977,165
7086361926,4/19/2016,671,67,0.0,3.52999997138977,3.7400000095367503,193
7086361926,4/20/2016,797,87,0.0,7.6399998664856,2.989999949932101,158
7086361926,4/21/2016,758,19,0.0,1.36000001430511,4.810000240802769,212
7086361926,4/22/2016,762,58,0.0,2.86999988555908,3.6400001049041792,212
7086361926,4/23/2016,1350,0,0.0,0.0,1.79999995231628,90
7086361926,4/24/2016,566,0,0.0,0.0,2.15000009536743,125
7086361926,4/25/2016,706,69,0.0,3.75,3.069999873638151,168
7086361926,4/26/2016,726,70,0.0,4.15999984741211,2.889999866485594,165
7086361926,4/27/2016,829,55,0.0,5.63000011444092,2.709999978542327,151
7086361926,4/28/2016,810,54,0.0,2.78999996185303,4.99999988079072,209
7086361926,4/29/2016,1198,24,0.0,0.490000009536743,4.449999988079071,218
7086361926,4/30/2016,584,42,0.0,3.11999988555908,6.27999973297119,325
7086361926,5/1/2016,685,30,0.0,2.29999995231628,5.749999880790712,273
7086361926,5/2/2016,737,66,0.0,3.48000001907349,3.320000112056734,165
7086361926,5/3/2016,761,57,0.0,2.74000000953674,4.010000109672548,188
7086361926,5/4/2016,843,45,0.0,5.28000020980835,3.020000092685221,147
7086361926,5/5/2016,1253,24,0.0,1.77999997138977,3.780000030994419,163
7086361926,5/6/2016,834,84,0.0,3.8199999332428,4.549999833106989,189
7086361926,5/7/2016,621,20,0.0,1.46000003814697,7.009999752044671,251
7086361926,5/8/2016,695,32,0.0,2.30999994277954,4.7799999713897705,174
7086361926,5/9/2016,743,67,0.0,4.26000022888184,4.829999923706049,221
7086361926,5/10/2016,1182,72,0.0,7.1100001335144,3.6500000953674396,129
7086361926,5/11/2016,757,57,0.0,2.89000010490417,3.6200000047683796,168
7086361926,5/12/2016,343,5,0.0,0.379999995231628,2.1599999964237258,62
8053475328,4/12/2016,1193,116,0.0,11.6400003433228,2.489999890327455,131
8053475328,4/13/2016,1177,95,0.0,10.4300003051758,2.920000046491627,168
8053475328,4/14/2016,1123,119,0.0,12.3400001525879,3.569999888539319,198
8053475328,4/15/2016,1142,132,0.0,13.2600002288818,2.979999899864195,166
8053475328,4/16/2016,1255,96,0.0,9.35999965667725,1.7600000202655761,89
8053475328,4/17/2016,1113,111,0.0,9.23999977111816,4.440000116825098,216
8053475328,4/18/2016,1137,102,0.0,9.07999992370605,3.5799999088048953,201
8053475328,4/19/2016,1152,90,0.0,9.22000026702881,3.260000050067906,198
8053475328,4/20/2016,695,89,0.0,9.57999992370605,2.6100001186132453,163
8053475328,4/21/2016,1164,100,0.0,9.67000007629395,2.82999992370605,176
8053475328,4/22/2016,1260,60,0.0,6.26000022888184,2.030000001192094,120
8053475328,4/23/2016,741,125,0.0,12.539999961853,4.6499999761581385,237
8053475328,4/24/2016,1096,129,0.0,13.1300001144409,4.80999994277954,215
8053475328,4/25/2016,1104,118,0.0,11.3699998855591,4.31999990344048,218
8053475328,4/26/2016,1182,68,0.0,6.30999994277954,3.299999907612802,190
8053475328,4/27/2016,1187,60,0.0,6.46000003814697,3.360000073909757,193
8053475328,4/28/2016,1188,90,0.0,9.67000007629395,2.739999890327455,162
8053475328,4/29/2016,1215,58,0.0,6.17000007629395,3.4800000786781364,167
8053475328,4/30/2016,1281,27,0.0,2.99000000953674,2.5999999605119255,132
8053475328,5/1/2016,1389,0,0.0,0.0,0.850000023841858,51
8053475328,5/2/2016,1345,0,0.0,0.0,1.42999994754791,95
8053475328,5/3/2016,1166,87,0.0,8.39000034332275,3.519999921321867,187
8053475328,5/4/2016,1220,89,0.0,8.81999969482422,2.309999972581864,131
8053475328,5/5/2016,1208,93,0.0,8.85000038146973,2.660000026226041,139
8053475328,5/6/2016,1245,90,0.0,9.10000038146973,1.900000035762784,105
8053475328,5/7/2016,1076,121,0.0,12.4399995803833,3.229999899864198,168
8053475328,5/8/2016,1073,125,0.0,13.3999996185303,4.250000059604646,242
8053475328,5/9/2016,1214,66,0.0,6.11999988555908,3.260000050067903,160
8053475328,5/10/2016,1219,96,0.0,9.09000015258789,2.270000010728838,125
8053475328,5/11/2016,1189,60,0.0,6.07999992370605,3.319999963045123,191
8053475328,5/12/2016,839,28,0.0,2.95000004768372,0.959999993443489,43
8253242879,4/12/2016,1244,40,0.0,5.42999982833862,1.730000033974646,156
8253242879,4/13/2016,1298,35,0.0,4.17000007629395,1.9399999380111679,107
8253242879,4/14/2016,1362,29,0.0,1.92999994754791,1.530000030994415,49
8253242879,4/15/2016,1335,0,0.0,0.0,1.75999999046326,105
8253242879,4/16/2016,1268,6,0.0,0.430000007152557,5.7200000286102295,166
8253242879,4/17/2016,1237,41,0.0,5.42999982833862,2.479999929666514,162
8253242879,4/18/2016,1278,16,0.0,1.03999996185303,2.429999947547908,146
8253242879,4/19/2016,1276,0,0.0,0.0,2.77999997138977,164
8253242879,4/20/2016,1201,5,0.0099999997764825,0.330000013113022,3.929999887943273,234
8253242879,4/21/2016,1199,49,0.0,5.88000011444092,2.680000007152557,192
8253242879,4/22/2016,1320,0,0.0,0.0,1.87000000476837,120
8253242879,4/23/2016,1193,30,0.0,2.08999991416931,4.170000076293951,217
8253242879,4/24/2016,1313,41,0.0,5.59999990463257,1.530000030994414,86
8253242879,4/25/2016,1261,7,0.0,0.360000014305115,4.16000008583068,172
8253242879,4/26/2016,1299,19,0.0,1.17999994754791,1.860000014305113,122
8253242879,4/27/2016,1286,45,0.0,6.23999977111816,1.930000051856045,109
8253242879,4/28/2016,1393,11,0.0,0.670000016689301,1.11999997496605,36
8253242879,4/29/2016,1257,16,0.0,1.28999996185303,2.940000116825102,150
8253242879,4/30/2016,1440,0,0.0,0.0,0.0,0
8378563200,4/12/2016,723,65,0.0,0.829999983310699,5.209999978542328,171
8378563200,4/13/2016,680,116,0.0,4.96000003814697,4.860000014305112,183
8378563200,4/14/2016,699,123,0.0,5.61999988555908,4.94000005722046,195
8378563200,4/15/2016,729,60,0.0,4.90999984741211,6.559999823570251,213
8378563200,4/16/2016,563,64,0.0,5.36999988555908,3.51000010967255,163
8378563200,4/17/2016,599,0,0.0,0.0,1.69000005722046,93
8378563200,4/18/2016,720,117,0.0,5.05000019073486,5.759999811649326,184
8378563200,4/19/2016,737,120,0.0,5.30000019073486,5.059999823570248,173
8378563200,4/20/2016,763,82,0.0,2.23000001907349,5.220000207424164,177
8378563200,4/21/2016,677,137,0.0,6.90000009536743,5.109999954700473,161
8378563200,4/22/2016,769,113,0.0,4.90999984741211,4.769999802112577,171
8378563200,4/23/2016,740,19,0.0,1.51999998092651,3.000000000000004,146
8378563200,4/24/2016,734,0,0.0,0.0,2.94000005722046,135
8378563200,4/25/2016,692,117,0.0,5.05000019073486,4.790000081062322,157
8378563200,4/26/2016,593,90,0.0,7.51000022888184,5.340000092983251,179
8378563200,4/27/2016,676,4,0.0,0.330000013113022,5.509999930858608,196
8378563200,4/28/2016,711,11,0.0,0.899999976158142,3.400000095367433,149
8378563200,4/29/2016,767,3,0.0,0.25,4.629999995231625,179
8378563200,4/30/2016,780,0,0.0,0.0,2.33999991416931,121
8378563200,5/1/2016,669,71,0.0,6.03000020980835,3.030000030994416,137
8378563200,5/2/2016,802,63,0.0,0.629999995231628,4.18000023066998,146
8378563200,5/3/2016,822,71,0.0,1.3400000333786,5.55999994277954,215
8378563200,5/4/2016,680,19,0.0,1.55999994277954,4.689999818801883,177
8378563200,5/5/2016,764,66,0.0,0.889999985694885,5.899999767541881,217
8378563200,5/6/2016,831,74,0.0,1.54999995231628,4.0299999713897705,171
8378563200,5/7/2016,851,0,0.0,0.0,3.53999996185303,158
8378563200,5/8/2016,621,0,0.0,0.0,2.32999992370605,139
8378563200,5/9/2016,772,71,0.0,1.26999998092651,5.379999816417694,184
8378563200,5/10/2016,840,63,0.0,0.660000026226044,4.560000061988835,165
8378563200,5/11/2016,763,72,0.0,1.38999998569489,5.859999954700466,194
8378563200,5/12/2016,433,8,0.0,0.649999976158142,2.960000067949296,108
8583815059,4/12/2016,1237,0,0.0,0.0,3.9099999368190717,203
8583815059,4/13/2016,1252,2,0.0,0.150000005960464,4.200000047683719,186
8583815059,4/14/2016,1306,0,0.0,0.0,2.4300000667572,134
8583815059,4/15/2016,1375,0,0.0,0.0,0.899999976158142,65
8583815059,4/16/2016,1440,0,0.0,0.0,0.0,0
8583815059,4/17/2016,1440,0,0.0,0.0,0.0,0
8583815059,4/18/2016,1309,4,0.0,0.310000002384186,2.4099999666214,127
8583815059,4/19/2016,1257,7,0.0,0.529999971389771,3.920000046491624,176
8583815059,4/20/2016,1246,0,0.0,0.0,4.1099998950958305,194
8583815059,4/21/2016,1229,35,0.0,2.63000011444092,4.02999997138977,176
8583815059,4/22/2016,1170,4,0.0,0.28999999165535,6.49000000953674,266
8583815059,4/23/2016,1151,7,0.0,0.529999971389771,6.7799999713897705,282
8583815059,4/24/2016,1188,2,0.0,0.150000005960464,6.319999933242791,250
8583815059,4/25/2016,1294,18,0.0,1.47000002861023,2.049999937415122,128
8583815059,4/26/2016,1134,1,0.0,0.0700000002980232,8.10999989509582,305
8583815059,4/27/2016,1229,77,0.0,6.59999990463257,3.139999896287916,134
8583815059,4/28/2016,1209,0,0.0,0.0,4.80999994277955,231
8583815059,4/29/2016,1069,46,0.0,3.90000009536743,7.92000007629395,325
8583815059,4/30/2016,1093,2,0.0,0.150000005960464,7.70999979972839,345
8583815059,5/1/2016,1311,10,0.0,0.779999971389771,2.159999959170821,119
8583815059,5/2/2016,1440,0,0.0,0.0,0.0,0
8583815059,5/3/2016,1440,0,0.0,0.0,0.0,0
8583815059,5/4/2016,1440,0,0.0,0.0,0.0,0
8583815059,5/5/2016,1370,0,0.0,0.0,1.17999994754791,70
8583815059,5/6/2016,1250,2,0.0,0.140000000596046,4.42000007629395,188
8583815059,5/7/2016,1190,0,0.0,0.0,4.76999998092651,250
8583815059,5/8/2016,1183,3,0.0,0.219999998807907,6.9700000286102295,254
8583815059,5/9/2016,1260,66,0.0,5.76000022888184,1.9000000208616292,114
8583815059,5/10/2016,1226,9,0.0,0.689999997615814,5.73000001907349,205
8583815059,5/11/2016,1106,5,0.0,0.370000004768372,6.41000008583069,248
8583815059,5/12/2016,1440,0,0.0,0.0,0.0,0
8792009665,4/12/2016,831,0,0.0,0.0,1.63999998569489,116
8792009665,4/13/2016,806,0,0.0,0.0,0.839999973773956,82
8792009665,4/14/2016,853,0,0.0,0.0,0.779999971389771,84
8792009665,4/15/2016,937,0,0.0,0.0,1.5900000333786,126
8792009665,4/16/2016,1428,0,0.0,0.0,0.159999996423721,12
8792009665,4/17/2016,1440,0,0.0,0.0,0.0,0
8792009665,4/18/2016,1440,0,0.0,0.0,0.0,0
8792009665,4/19/2016,1440,0,0.0,0.0,0.0,0
8792009665,4/20/2016,744,0,0.0,0.0,2.020000010728833,149
8792009665,4/21/2016,1431,0,0.0,0.0,0.0900000035762787,9
8792009665,4/22/2016,817,1,0.0,0.0500000007450581,2.549999982118603,215
8792009665,4/23/2016,795,8,0.0,0.159999996423721,3.189999997615814,277
8792009665,4/24/2016,1410,3,0.0,0.0399999991059303,0.2099999971687791,27
8792009665,4/25/2016,1440,0,0.0,0.0,0.0,0
8792009665,4/26/2016,1360,0,0.0,0.0,0.850000023841858,80
8792009665,4/27/2016,900,0,0.0,0.0,1.12999999523163,112
8792009665,4/28/2016,714,0,0.0,0.0,3.94000005722046,310
8792009665,4/29/2016,634,6,0.0,0.140000000596046,5.209999829530713,394
8792009665,4/30/2016,749,10,0.0,0.330000013113022,4.270000100135805,321
8792009665,5/1/2016,834,0,0.0,0.0,1.03999996185303,79
8792009665,5/2/2016,916,0,0.0,0.0,1.16999995708466,101
8792009665,5/3/2016,739,0,0.0,0.0,1.54999995231628,156
8792009665,5/4/2016,848,0,0.0,0.0,1.46000003814697,129
8792009665,5/5/2016,1440,0,0.0,0.0,0.0,0
8792009665,5/6/2016,1440,0,0.0,0.0,0.0,0
8792009665,5/7/2016,1440,0,0.0,0.0,0.0,0
8792009665,5/8/2016,1440,0,0.0,0.0,0.0,0
8792009665,5/9/2016,1440,0,0.0,0.0,0.0,0
8792009665,5/10/2016,48,0,0.0,0.0,0.0,0
8877689391,4/12/2016,1036,85,0.0,12.2200002670288,8.16000017523766,319
8877689391,4/13/2016,1098,108,0.0,3.54999995231628,6.019999861717228,234
8877689391,4/14/2016,1061,68,0.0199999995529652,10.5500001907349,8.339999973773956,311
8877689391,4/15/2016,1052,106,0.0099999997764825,0.0500000007450581,7.060000229626898,282
8877689391,4/16/2016,888,94,0.0,13.2399997711182,11.92000007629397,458
8877689391,4/17/2016,1060,58,0.0,0.0,8.859999962151052,322
8877689391,4/18/2016,1215,29,0.0,2.44000005722046,6.210000067949296,196
8877689391,4/19/2016,1131,82,0.0,12.1499996185303,5.210000216960907,227
8877689391,4/20/2016,1123,73,0.0,11.0200004577637,7.030000150203704,244
8877689391,4/21/2016,1119,82,0.0,12.289999961853,5.309999853372578,239
8877689391,4/22/2016,1141,61,0.0500000007450581,10.2299995422363,5.999999789521098,238
8877689391,4/23/2016,1032,102,0.0099999997764825,0.0,7.40000009536743,306
8877689391,4/24/2016,1148,64,0.0,11.0100002288818,4.7000000569969425,228
8877689391,4/25/2016,1101,113,0.0099999997764825,2.36999988555908,6.339999981224533,226
8877689391,4/26/2016,1157,22,0.0,1.75999999046326,6.629999995231628,261
8877689391,4/27/2016,1104,93,0.0,13.0699996948242,7.539999902248384,243
8877689391,4/28/2016,1143,58,0.0,4.92999982833862,6.349999785423279,239
8877689391,4/29/2016,1207,18,0.0,1.37999999523163,5.959999963641169,215
8877689391,4/30/2016,1089,124,0.0,21.6599998474121,5.009999826550481,227
8877689391,5/1/2016,1226,36,0.0,3.13000011444092,5.140000164508822,178
8877689391,5/2/2016,1335,0,0.0,0.0,3.55999994277954,105
8877689391,5/3/2016,1189,19,0.0099999997764825,1.38999998569489,6.770000077784066,232
8877689391,5/4/2016,1154,66,0.0,10.4200000762939,5.840000212192535,220
8877689391,5/5/2016,1170,67,0.0,5.46000003814697,5.189999878406523,203
8877689391,5/6/2016,1095,96,0.0,12.789999961853,6.44999983906746,249
8877689391,5/7/2016,1036,105,0.0,0.0799999982118607,7.9499997496604875,299
8877689391,5/8/2016,1174,17,0.0,1.08000004291534,7.000000193715092,249
8877689391,5/9/2016,1131,73,0.0500000007450581,11.1000003814697,7.039999783039089,236
8877689391,5/10/2016,1187,18,0.0,1.35000002384186,6.740000218153,235
8877689391,5/11/2016,1127,88,0.0,13.2200002670288,6.2999998629093215,225
8877689391,5/12/2016,770,23,0.0,1.82000005245209,4.28999999910593,138
